"","baseMean","log2FoldChange","lfcSE","stat","pvalue","padj","gene_symbol"
"ENSG00000003402",2549.83468101131,-1.17954691701272,0.160702904940796,-7.33992280629446,2.13717081865083e-13,2.15199744120522e-11,"CFLAR"
"ENSG00000004799",915.184370935033,-2.53889359347853,0.901525926217237,-2.81621805834427,0.00485926728219957,0.031789019776503,"PDK4"
"ENSG00000005471",33.7501002391693,1.22196997281874,0.447427789803151,2.73109985715539,0.00631233424122044,0.0391296717815708,"ABCB4"
"ENSG00000008256",3721.61626087467,-1.2004598452663,0.203623826911545,-5.8954782624127,3.7359769153238e-09,1.58395589691531e-07,"CYTH3"
"ENSG00000008311",722.919878410966,-1.10364981294621,0.167994254171729,-6.56956881285966,5.04611710211217e-11,3.35942118314583e-09,"AASS"
"ENSG00000009413",7595.17397189117,-1.11609976969215,0.166035387710858,-6.72205958669354,1.79173646985934e-11,1.2944693392782e-09,"REV3L"
"ENSG00000011198",1160.90457750161,-1.08575855523802,0.200904952169427,-5.4043394327203,6.50476626311232e-08,2.07656153907523e-06,"ABHD5"
"ENSG00000012048",221.650583103271,1.21361988589738,0.172522398620829,7.03456418180623,1.99884778800646e-12,1.74072630878768e-10,"BRCA1"
"ENSG00000013293",245.257844326637,2.84081531428159,0.368284018870716,7.71365350848645,1.22266134080871e-14,1.40702120441208e-12,"SLC7A14"
"ENSG00000013297",3440.46811483746,1.71977876519909,0.264427572878967,6.50378001989325,7.8326412814952e-11,4.92936264399099e-09,"CLDN11"
"ENSG00000015520",17.5557115046123,2.5704113282959,0.748586872285722,3.43368475117316,0.000595436267665068,0.00591070468783235,"NPC1L1"
"ENSG00000016391",92.3849548642713,2.04731242313095,0.467191171374648,4.38217275619102,1.17501577368771e-05,0.000208110514381574,"CHDH"
"ENSG00000020577",3108.87818675537,-1.2030449533342,0.1446494184691,-8.31697054897728,9.02401648093236e-17,1.35874700490001e-14,"SAMD4A"
"ENSG00000021645",36.0115488555043,-1.86616817045391,0.654183243358312,-2.85266886518486,0.00433537714241234,0.0292003600089487,"NRXN3"
"ENSG00000023909",1930.22443342482,-1.24199986494861,0.199206040336195,-6.23475002491147,4.52500075640261e-10,2.42200289655822e-08,"GCLM"
"ENSG00000025423",169.762985652598,2.18855251623205,0.521520697723265,4.19648256682109,2.71092318169796e-05,0.00042693727644512,"HSD17B6"
"ENSG00000025708",144.847225043617,-1.27070206461101,0.31782558538603,-3.99811130078663,6.38499278547255e-05,0.000886034614700674,"TYMP"
"ENSG00000028277",34.5319093743107,2.0228294667586,0.538037307950253,3.75964535705697,0.000170154392007103,0.00206894898839731,"POU2F2"
"ENSG00000035664",633.941924489473,-1.56451880756396,0.4515852564903,-3.4645037345181,0.000531210763961071,0.00541666874568153,"DAPK2"
"ENSG00000046653",1091.43818824187,-2.58081747768857,0.787241409778341,-3.27830503531978,0.00104432477335957,0.00943111907152241,"GPM6B"
"ENSG00000048540",60.1317818750316,-1.42652002169485,0.426911672424079,-3.3414875109758,0.000833307653207137,0.00778285194250446,"LMO3"
"ENSG00000049246",196.592140847822,2.16845099364842,0.288557997454859,7.51478390054897,5.70050163325769e-14,6.24767223220507e-12,"PER3"
"ENSG00000049759",1215.78012750229,1.08560206957961,0.192453821349499,5.64084444760461,1.69218185913841e-08,6.09904741221006e-07,"NEDD4L"
"ENSG00000054938",93.6084344315458,1.38260626590432,0.443524415135747,3.11731715035609,0.00182505120564245,0.0148053373484922,"CHRDL2"
"ENSG00000055163",284.817605894978,1.01569269968402,0.261755826212182,3.88030598738494,0.000104325134673653,0.00135396208261006,"CYFIP2"
"ENSG00000056736",74.0367154367489,1.02059295430259,0.286546691440564,3.56169861592796,0.000368463211576612,0.00399213907310746,"IL17RB"
"ENSG00000057657",212.837886891099,-1.26689267126553,0.302946980993225,-4.18189568059722,2.89088613091905e-05,0.00044913275270238,"PRDM1"
"ENSG00000060718",364.275806006126,-2.3774969346869,0.522519666442579,-4.55006210746743,5.36300837392329e-06,0.000104100515556961,"COL11A1"
"ENSG00000061337",66.8501297797301,1.01705565320503,0.22989903204626,4.42392316380168,9.6924504131939e-06,0.000174318715664755,"LZTS1"
"ENSG00000064201",17.0193332164227,1.60418016845374,0.465433214060453,3.44663878724689,0.000567606935264886,0.00570475067626486,"TSPAN32"
"ENSG00000064309",349.445644761808,1.65069106321185,0.304014952100067,5.42963775896299,5.64685505602719e-08,1.83790872338695e-06,"CDON"
"ENSG00000065809",2260.99556545531,1.01761322771869,0.181235421150084,5.61486944031759,1.96710716051621e-08,7.02706506941833e-07,"FAM107B"
"ENSG00000066468",28.7880205422915,2.36323833042074,0.70651497142165,3.34492321608617,0.000823053528272235,0.0076960042913488,"FGFR2"
"ENSG00000067082",3246.62929567202,-1.10640882668182,0.152384212731437,-7.26065257581346,3.85227238407806e-13,3.78438782804156e-11,"KLF6"
"ENSG00000067798",705.928596242403,-2.25485878893793,0.392498342274294,-5.74488742009042,9.19821638164859e-09,3.50336794621136e-07,"NAV3"
"ENSG00000068383",1249.04745116525,-1.3909159285187,0.303606877296741,-4.58130573623087,4.62081719881095e-06,9.14569851229031e-05,"INPP5A"
"ENSG00000068831",97.9255726495818,-1.95236622017191,0.32770733328058,-5.95765191040235,2.55887819649011e-09,1.11723811988217e-07,"RASGRP2"
"ENSG00000069431",850.389567167228,-1.04266288099339,0.307922219567387,-3.3861242051914,0.000708872916737465,0.00683029251437695,"ABCC9"
"ENSG00000069535",395.33997715853,-1.20178068413176,0.397545045299739,-3.02300506154125,0.00250278057168868,0.0191191549504392,"MAOB"
"ENSG00000070404",2130.30251692001,-1.86083228549703,0.301870572252709,-6.16433815197874,7.07785472294736e-10,3.64317308119505e-08,"FSTL3"
"ENSG00000070808",23.6482398017847,2.26891051880483,0.416886724536363,5.44251084351073,5.25347615203953e-08,1.72732151603079e-06,"CAMK2A"
"ENSG00000070882",1109.06025148813,1.09937583833099,0.215922364575295,5.09153297062762,3.55180093660551e-07,9.27440273738273e-06,"OSBPL3"
"ENSG00000071282",3664.48276756859,-1.591900061057,0.228268371626688,-6.97380916030016,3.08472467859311e-12,2.56175254107286e-10,"LMCD1"
"ENSG00000072163",666.17191076849,-1.2982337793847,0.337530685147057,-3.84626890683755,0.000119930137626899,0.0015295298864047,"LIMS2"
"ENSG00000072571",36.6753852814803,-1.5371853907176,0.309573942600622,-4.96548701032213,6.85288800354873e-07,1.66275419616225e-05,"HMMR"
"ENSG00000072958",2132.09145131494,-1.08454742830316,0.121925697045142,-8.89515052681316,5.83401669768281e-19,1.14624198800449e-16,"AP1M1"
"ENSG00000073756",71.8031456343594,1.2317370197698,0.467891033352339,2.63252965320723,0.00847516243641174,0.049526058038821,"PTGS2"
"ENSG00000074590",413.194557248276,-1.36162774428962,0.189504256629319,-7.18520928505078,6.71043156155426e-13,6.32232531509946e-11,"NUAK1"
"ENSG00000074660",29.0409053347646,-1.32999095333337,0.338560212168705,-3.92837346365625,8.55223293416293e-05,0.00114629804328036,"SCARF1"
"ENSG00000075213",715.970034549921,1.22662123039105,0.226637226294064,5.4122672186232,6.22317271035289e-08,2.00924920914821e-06,"SEMA3A"
"ENSG00000075240",578.186415146855,1.15972345055414,0.19163904008846,6.05160331641618,1.4341126131447e-09,6.65849807215398e-08,"GRAMD4"
"ENSG00000077063",330.665391622192,1.06765417077331,0.172928113999665,6.17397683973685,6.65933002785552e-10,3.47211864332622e-08,"CTTNBP2"
"ENSG00000077684",1572.71026272547,-1.20277986030407,0.105496808789058,-11.4011018353081,4.12860407177289e-30,3.02345182728786e-27,"JADE1"
"ENSG00000077943",469.053658060824,-1.09435804357261,0.325472668273929,-3.36236541573917,0.000772777858774995,0.00731935572176599,"ITGA8"
"ENSG00000078053",359.148787547869,-1.14593967677481,0.16493699255883,-6.94774203771222,3.71178906293407e-12,3.00505696446889e-10,"AMPH"
"ENSG00000079435",31.5641773360297,-1.03421720212295,0.353737487113547,-2.92368561376414,0.00345913921592875,0.0245940829249021,"LIPE"
"ENSG00000079462",58.4471288029342,1.03728479997519,0.206272303731953,5.02871583440073,4.93775506221872e-07,1.24300268449072e-05,"PAFAH1B3"
"ENSG00000079691",1511.31219944027,-1.17346573967774,0.191706972124196,-6.12114273505672,9.29066315682331e-10,4.56347177193842e-08,"CARMIL1"
"ENSG00000081052",207.407807028364,-1.96867222570542,0.418036931046046,-4.70932608939417,2.48537172568256e-06,5.29653754926875e-05,"COL4A4"
"ENSG00000081320",1493.77619045303,-1.10754259452221,0.299097692063876,-3.70294597353724,0.000213110278542081,0.0025061457646653,"STK17B"
"ENSG00000082126",22.2429356195062,-1.22626023077377,0.409349968897129,-2.99562800524343,0.00273880322490395,0.0204471078574734,"MPP4"
"ENSG00000083223",1488.96980634458,-1.11972942341156,0.173525050712183,-6.45284020270248,1.09773092626141e-10,6.62379885880062e-09,"TUT7"
"ENSG00000083290",1524.76384491757,-1.17925947596671,0.219479490519603,-5.37298256513576,7.74448197296423e-08,2.42274464206654e-06,"ULK2"
"ENSG00000084090",3614.64318280098,-1.26651186091112,0.190716654983649,-6.6408036624788,3.11977382573051e-11,2.14797761138224e-09,"STARD7"
"ENSG00000084710",10.4259989082737,2.69115846921588,0.687391763402917,3.91502868159689,9.03934616777079e-05,0.00120060103964514,"EFR3B"
"ENSG00000085117",1913.23871012982,-1.247007523624,0.276088059784096,-4.51670211525691,6.28101651824203e-06,0.000119331906987497,"CD82"
"ENSG00000087448",908.890738829641,-1.0544716477517,0.124101647894091,-8.49683840339972,1.94824365057718e-17,3.26959931817177e-15,"KLHL42"
"ENSG00000088756",687.236073486132,1.48427964757962,0.462684693856941,3.20797222662946,0.00133674406786403,0.0115290597844526,"ARHGAP28"
"ENSG00000089041",97.0020452487746,1.92383613354295,0.296591788019785,6.48647808621935,8.78660524847592e-11,5.38254742046371e-09,"P2RX7"
"ENSG00000091262",124.058662469665,1.03722683238733,0.253388175031414,4.09343029625884,4.25037890405088e-05,0.000629971062770596,"ABCC6"
"ENSG00000091428",36.2564920286995,1.13015077549456,0.313609691294144,3.60368574973202,0.000313736348886246,0.00348113382707046,"RAPGEF4"
"ENSG00000091831",34.7491806328677,1.24515120486277,0.430276019544485,2.89384290154249,0.00380558511324259,0.0263359082209994,"ESR1"
"ENSG00000092621",1234.44842952594,1.43641650009689,0.272935791897876,5.26283669176796,1.41849568765487e-07,4.06643843839992e-06,"PHGDH"
"ENSG00000092853",27.3381385652089,1.14916328490155,0.367129534508638,3.1301303133772,0.00174728772964877,0.0142780922941132,"CLSPN"
"ENSG00000092969",201.123520550663,1.58480058423131,0.294282892749551,5.38529633654258,7.23253885494186e-08,2.27584831039001e-06,"TGFB2"
"ENSG00000095585",21.1657640117293,2.57084525233978,0.748099370066044,3.43650236212981,0.000589277215017545,0.0058749042148191,"BLNK"
"ENSG00000095637",44.3491960422346,-1.89692240283198,0.370552267562419,-5.11917634537871,3.06872918807211e-07,8.10496654902127e-06,"SORBS1"
"ENSG00000096060",2566.32135377626,-3.93505321437855,0.299256779479605,-13.1494204449485,1.71483771866801e-39,1.97341074896145e-36,"FKBP5"
"ENSG00000097096",201.836409816498,-1.3015671515951,0.259544387826809,-5.01481524024947,5.30844512363072e-07,1.32186026872974e-05,"SYDE2"
"ENSG00000099194",787.09110016822,2.00469677619123,0.409740197093924,4.89260460752817,9.95101943353307e-07,2.31677563719149e-05,"SCD"
"ENSG00000099204",849.746412465004,-1.40904588762826,0.239600877389563,-5.88080437342184,4.08277478782446e-09,1.72192629860314e-07,"ABLIM1"
"ENSG00000099337",530.509057577995,-2.80349236957575,0.371161537635393,-7.55329441578544,4.24384169667351e-14,4.68305024487034e-12,"KCNK6"
"ENSG00000099840",37.7256651604734,-1.03228011091284,0.310586505145869,-3.3236476595402,0.000888483725097932,0.00818431177533035,"IZUMO4"
"ENSG00000099849",42.8583705808419,-1.21613778410397,0.362266191933839,-3.35702809476097,0.000787851066291769,0.00741776254390116,"RASSF7"
"ENSG00000099860",368.585085766132,-1.45166292905345,0.177013891351974,-8.2008418546484,2.38709391935554e-16,3.36161169001418e-14,"GADD45B"
"ENSG00000099998",506.787067439615,-2.41444354643247,0.846174199630231,-2.85336464700478,0.00432589516748568,0.0291486813230288,"GGT5"
"ENSG00000100033",55.4039350785686,-4.95851439393715,0.641449722226701,-7.73016843272515,1.07404381456334e-14,1.24488632348417e-12,"PRODH"
"ENSG00000100206",36.3464681994329,-1.90104334941246,0.437978747332485,-4.3404922293394,1.42163896318082e-05,0.000245751344804788,"DMC1"
"ENSG00000100242",2238.64909413392,-1.90694690341393,0.27512891029807,-6.9311033193421,4.17570924018235e-12,3.36374257842889e-10,"SUN2"
"ENSG00000100292",2404.70910883937,1.33606299202545,0.264259059153614,5.05588340586953,4.28403017271812e-07,1.08864369262873e-05,"HMOX1"
"ENSG00000100302",35.9518229862478,1.98677292063825,0.465752763820337,4.26572438205571,1.99254642072988e-05,0.000329588453638389,"RASD2"
"ENSG00000100592",758.435167044725,1.00702651259819,0.184025584069668,5.47220930007731,4.44459460632865e-08,1.49805154189458e-06,"DAAM1"
"ENSG00000100739",134.868087673401,1.75696157025236,0.356954990677911,4.92208154007212,8.56285199804733e-07,2.0347508634298e-05,"BDKRB1"
"ENSG00000100767",209.13506813403,-1.08706781912773,0.31519862784675,-3.44883423685543,0.000563012207798604,0.00567428356418218,"PAPLN"
"ENSG00000100784",87.5697907553361,2.45770345680923,0.297370114734352,8.26479641037485,1.39933351180456e-16,2.06831763382415e-14,"RPS6KA5"
"ENSG00000101255",284.857787845634,1.10710374451205,0.276253674946036,4.00756205226345,6.13487459973626e-05,0.000858722542800615,"TRIB3"
"ENSG00000101265",1650.21447518471,1.08620227533076,0.402576157202848,2.69812867924876,0.00697304810215866,0.0422818133134656,"RASSF2"
"ENSG00000101342",42.9362334646974,-4.18369751532714,0.518009091039338,-8.07649438532619,6.66552298249858e-16,8.73075128219794e-14,"TLDC2"
"ENSG00000101347",12712.9456127059,-3.85369307141753,0.281195946882582,-13.7046536912807,9.5220536671376e-43,1.53409806631254e-39,"SAMHD1"
"ENSG00000101825",4780.18206392362,1.35562444734247,0.267244218101294,5.07260533819537,3.9240578760473e-07,1.00924147099743e-05,"MXRA5"
"ENSG00000101938",196.346837012859,-1.09464604741794,0.40050339948822,-2.73317542077478,0.00627269142355941,0.0389479832185881,"CHRDL1"
"ENSG00000102385",111.25301438307,1.06611914566801,0.252831121898354,4.21672434019664,2.47876678523389e-05,0.000396184639651817,"DRP2"
"ENSG00000102466",665.662297786992,-1.20312372701142,0.331996672926108,-3.62390296386856,0.000290190515118129,0.00325122349726577,"FGF14"
"ENSG00000102524",64.2161062113099,1.71718035255258,0.287399435372295,5.97489118351312,2.30243815921564e-09,1.01351314707987e-07,"TNFSF13B"
"ENSG00000102554",149.696622904642,-2.58279180732151,0.418474158614155,-6.17192663909007,6.74628036794658e-10,3.50610719380605e-08,"KLF5"
"ENSG00000102760",1137.22259538077,-3.1625841019463,0.685455170463225,-4.61384527861836,3.95286728510252e-06,7.99054514809119e-05,"RGCC"
"ENSG00000102804",5404.79313508362,-1.18999616528328,0.159467802625171,-7.46229737723521,8.50267117223358e-14,9.07195597720895e-12,"TSC22D1"
"ENSG00000102935",36.2295055207257,1.13738552712194,0.31818646478189,3.57458802624301,0.000350779785454028,0.00382368952872114,"ZNF423"
"ENSG00000102984",90.5557071429721,1.39941126560871,0.215162258408286,6.50398111621053,7.82217203323523e-11,4.92936264399099e-09,"ZNF821"
"ENSG00000102996",165.52703778265,-1.2630765190774,0.292274118330869,-4.32154761526827,1.54938606389145e-05,0.000263591962780941,"MMP15"
"ENSG00000103064",781.70504652745,-1.42106954882456,0.171816709873737,-8.27084600717161,1.33011760522704e-16,1.98421525350119e-14,"SLC7A6"
"ENSG00000103175",250.831677742986,-1.70501914895605,0.37197819749434,-4.58365345184512,4.56921279780294e-06,9.05468479525255e-05,"WFDC1"
"ENSG00000103196",3085.02220810875,-2.69658301408031,0.262387360723416,-10.2771071237794,8.93698278576839e-25,3.51179828442719e-22,"CRISPLD2"
"ENSG00000103257",404.713445668498,1.17052544770261,0.29140375003062,4.01685101025505,5.8980986940148e-05,0.000829906271260021,"SLC7A5"
"ENSG00000103485",867.302130054768,1.21489480294837,0.13470451407694,9.01896132637731,1.89881015541012e-19,4.13401762348817e-17,"QPRT"
"ENSG00000103647",545.743083753208,1.26757024344793,0.263431282526995,4.81176810623483,1.49600875026753e-06,3.34288446262971e-05,"CORO2B"
"ENSG00000103710",1057.17967590303,1.03731217447095,0.26486971988275,3.91631091289006,8.9914276571994e-05,0.00119620884380792,"RASL12"
"ENSG00000103742",371.632596951659,2.13362479260586,0.525275376459691,4.06191664072719,4.86714580302939e-05,0.000707712870330383,"IGDCC4"
"ENSG00000104894",23.8332568579302,1.18625084095519,0.37753429457643,3.14210088459934,0.00167740228534993,0.0138587837021912,"CD37"
"ENSG00000105486",143.922857307481,1.01323202589569,0.216522318848945,4.67957313260883,2.8747280672443e-06,6.03842814750624e-05,"LIG1"
"ENSG00000105516",84.7925111125775,1.65945696068872,0.202393105856599,8.19917730727691,2.42037710906613e-16,3.36161169001418e-14,"DBP"
"ENSG00000105711",101.607831188324,1.29062414348615,0.247141635750485,5.22220442365757,1.76805630055413e-07,4.91123363072888e-06,"SCN1B"
"ENSG00000105835",2643.95119860965,-1.05186077199529,0.152274891237956,-6.90764421792675,4.927679136677e-12,3.85387565878656e-10,"NAMPT"
"ENSG00000105889",230.974416846209,-1.03473904357059,0.318920636169304,-3.24450325949206,0.0011765567084344,0.0104323088220069,"STEAP1B"
"ENSG00000105989",334.419775095649,3.12022964047823,0.904858888412364,3.4483052334855,0.000564116149309747,0.00568029705095584,"WNT2"
"ENSG00000106003",16.4742683768145,2.64019377867599,0.621374720612574,4.2489558894079,2.14769200172376e-05,0.000350927645433788,"LFNG"
"ENSG00000106034",2431.33616912119,-1.09064352465216,0.34130177621758,-3.19554013676411,0.00139569368902803,0.0119225986341095,"CPED1"
"ENSG00000106123",2291.12650290926,-1.32411105211229,0.34392549265668,-3.84999390968109,0.000118120761947822,0.00151275325575624,"EPHB6"
"ENSG00000106484",679.306459411187,1.7760876484462,0.612383349406065,2.90028729580708,0.00372820775002259,0.0260022316279714,"MEST"
"ENSG00000106617",1019.75515084209,-1.56998765285656,0.261524597437284,-6.0032121958741,1.93451525277102e-09,8.68160870122392e-08,"PRKAG2"
"ENSG00000106976",887.017039305159,1.75935906607249,0.202270317442505,8.69805856003853,3.3761031421029e-18,6.11150536206964e-16,"DNM1"
"ENSG00000107104",1278.43793720832,-1.22592240139633,0.267714609073357,-4.5792136844516,4.66727194500363e-06,9.20372317086334e-05,"KANK1"
"ENSG00000107562",25196.5455384324,1.95318694066822,0.279566830605587,6.98647595795719,2.81876680682516e-12,2.36526833462293e-10,"CXCL12"
"ENSG00000107611",41.1939073586906,1.54709913656177,0.349268051262272,4.42954667903485,9.44313728961542e-06,0.000170750151372608,"CUBN"
"ENSG00000107731",563.49336251549,1.03007821523625,0.24760173598315,4.16022210484966,3.17938255730637e-05,0.000487838403626314,"UNC5B"
"ENSG00000107796",2431.57096216566,-1.17635746695984,0.28988339601654,-4.05803672485167,4.94869870907247e-05,0.000715695555672051,"ACTA2"
"ENSG00000107821",485.355690129732,1.08886070656344,0.317235182497835,3.43234535964772,0.000598385025393206,0.00593266531945227,"KAZALD1"
"ENSG00000107968",537.424307038482,-1.12831900587867,0.175678442535014,-6.4226378011849,1.3393291102393e-10,7.9623362712418e-09,"MAP3K8"
"ENSG00000108387",19.0922170453687,-1.9289269923822,0.490539339011305,-3.93225749492386,8.41518552600879e-05,0.00112980878341273,"SEPTIN4"
"ENSG00000108604",2180.85214797553,-1.27361496461833,0.183859760462671,-6.92710009745124,4.29554659203498e-12,3.42601738337998e-10,"SMARCD2"
"ENSG00000108684",7.46565720433518,2.36167460837333,0.790951091061796,2.98586680650879,0.00282775778311395,0.0209342520237404,"ASIC2"
"ENSG00000108821",101233.481481555,1.30345881732977,0.110715006206721,11.7730997991006,5.37138588110424e-32,4.32691989652352e-29,"COL1A1"
"ENSG00000108830",158.742226552439,2.37023932891562,0.302567373801824,7.83375715343346,4.73502936857603e-15,5.85696436955903e-13,"RND2"
"ENSG00000108950",1013.08794181449,-1.0820700013174,0.198230460875112,-5.45864644888819,4.79778040612948e-08,1.5970462835362e-06,"FAM20A"
"ENSG00000108960",1724.96815383825,-1.63937418081322,0.230073987444006,-7.12542169162954,1.03762512049986e-12,9.4447335120753e-11,"MMD"
"ENSG00000109625",41.6096460326174,1.78005965987055,0.320462060831152,5.55466583237275,2.78143345720011e-08,9.67854739286198e-07,"CPZ"
"ENSG00000109674",48.0358491900197,1.36705745076049,0.364424586741509,3.75127667148913,0.000175936424596269,0.00212005365495175,"NEIL3"
"ENSG00000109689",1145.49223053129,1.02524291882505,0.178432173898953,5.74584110265701,9.14651698831604e-09,3.49193211371468e-07,"STIM2"
"ENSG00000109861",4063.91831067486,-1.00536351951083,0.236771718189202,-4.24613010033342,2.17494372284764e-05,0.000354302510806858,"CTSC"
"ENSG00000109881",67.2076726823875,1.31729162855283,0.220118814904698,5.98445720836339,2.17112657554146e-09,9.63609373513734e-08,"CCDC34"
"ENSG00000109906",385.200712986974,-7.16931273285418,0.508731366330716,-14.0925313580794,4.22153763494591e-45,7.5570214262904e-42,"ZBTB16"
"ENSG00000110203",19.123898033489,1.44832938046222,0.48372792174979,2.99409919366071,0.00275256440240472,0.0205213165604546,"FOLR3"
"ENSG00000110756",996.491791403196,-1.58730048736231,0.169243895340125,-9.37877543040686,6.67433663508219e-21,1.76279077914441e-18,"HPS5"
"ENSG00000110900",263.392123139726,1.45830301816459,0.313266628808226,4.65514958842719,3.23745571740971e-06,6.7041965376848e-05,"TSPAN11"
"ENSG00000111110",18.049809621793,1.30625782773721,0.464719790415624,2.81085044079777,0.00494107477939725,0.0322029351823904,"PPM1H"
"ENSG00000111728",193.902341459221,1.4988819598762,0.292896592659171,5.11744416781375,3.09703697241909e-07,8.16634413463895e-06,"ST8SIA1"
"ENSG00000111816",89.043857194782,1.14188696720733,0.224189564726803,5.09339927841348,3.51699930276313e-07,9.19843762448324e-06,"FRK"
"ENSG00000111859",1774.59888623428,-1.66302972556492,0.288675117606213,-5.76090429738212,8.36644705517846e-09,3.20932925014239e-07,"NEDD9"
"ENSG00000112137",44.4820127737559,1.05318905527317,0.374273358257019,2.81395678329294,0.00489358067176941,0.0319709968381496,"PHACTR1"
"ENSG00000112218",58.6254448738722,-1.42323707612466,0.453902143452475,-3.1355592756166,0.0017152676082881,0.0140849523125023,"GPR63"
"ENSG00000112715",1878.36029862854,1.18835931602322,0.257044965679641,4.62315732533851,3.77942854916031e-06,7.66881276517906e-05,"VEGFA"
"ENSG00000112773",517.994776821212,1.19450771291107,0.133821327525416,8.92613856848945,4.41137840920867e-19,8.88396469384512e-17,"TENT5A"
"ENSG00000112837",2762.00197621312,1.80745235681184,0.197830860302807,9.1363519020505,6.45945918716797e-20,1.44539370783977e-17,"TBX18"
"ENSG00000112936",1961.45860094196,-3.21085042432988,0.633516463528032,-5.06829831453592,4.01387984914149e-07,1.02810203894306e-05,"C7"
"ENSG00000113361",2201.65024355249,1.30137835375551,0.449335539476547,2.89622840710875,0.00377677400441541,0.0262161163227646,"CDH6"
"ENSG00000113580",2818.00345435573,1.00107985583594,0.170633672668117,5.86683648181824,4.44188338497395e-09,1.86362456289883e-07,"NR3C1"
"ENSG00000114098",1011.49205093171,-1.35279652729954,0.121421116440755,-11.1413612965716,7.89039519641512e-29,4.88931373113246e-26,"ARMC8"
"ENSG00000114270",1548.67086249311,-1.22464238173588,0.181653097158085,-6.74165428993554,1.56593324749917e-11,1.15728213534216e-09,"COL7A1"
"ENSG00000114670",184.790219036377,1.26062965963745,0.190265964450607,6.62561831947987,3.457976192976e-11,2.37070018915048e-09,"NEK11"
"ENSG00000115419",3870.65933297189,-1.18210287602914,0.14822067951494,-7.97528981716745,1.5202366165484e-15,1.9594025703369e-13,"GLS"
"ENSG00000115828",345.79692821956,-1.13869560501574,0.306228708868434,-3.71844824485402,0.000200450349442641,0.0023868851292464,"QPCT"
"ENSG00000116106",293.01195551967,-1.35635567842641,0.451899884177837,-3.00145170626474,0.00268695656263606,0.0201628119145922,"EPHA4"
"ENSG00000116194",237.317677956276,-2.01465128883873,0.43157667189622,-4.66811906210534,3.03969740889341e-06,6.35182424833746e-05,"ANGPTL1"
"ENSG00000116285",3235.76308757943,-2.43602366794343,0.229429920419902,-10.6177244166106,2.46496788505447e-26,1.0733269620571e-23,"ERRFI1"
"ENSG00000116299",30.7651934834849,1.1227505191958,0.348435923786004,3.22225821894689,0.00127184457079599,0.0110880345671505,"ELAPOR1"
"ENSG00000116584",2255.80966137931,1.01836160918236,0.0761445940920444,13.3740500074287,8.57421689012741e-41,1.06260929474494e-37,"ARHGEF2"
"ENSG00000116675",50.955744234947,-2.128414430368,0.454335457563302,-4.68467603603544,2.80403084582967e-06,5.91305509910496e-05,"DNAJC6"
"ENSG00000116690",24.9484836973514,-1.72534481588567,0.602955322067551,-2.86148036635519,0.00421667620034793,0.028568069917496,"PRG4"
"ENSG00000116711",112.316364515934,2.50648928530145,0.408157609417083,6.14098384416043,8.20119258151829e-10,4.14198788968154e-08,"PLA2G4A"
"ENSG00000116962",9446.9314708643,-1.55154556782319,0.255011574157684,-6.08421626723422,1.17062505293457e-09,5.59642143259015e-08,"NID1"
"ENSG00000116991",120.201469651116,2.72221224682226,0.574315607717806,4.73992385065014,2.13798554370383e-06,4.61730363198557e-05,"SIPA1L2"
"ENSG00000117152",105.133446024759,1.09815030222957,0.380225050104066,2.88815874159005,0.00387504256132572,0.0267140824585018,"RGS4"
"ENSG00000117461",216.091023374775,1.68428004535757,0.352970594923282,4.77172906067047,1.82651099303269e-06,4.00911697666888e-05,"PIK3R3"
"ENSG00000117479",263.192982621823,-1.04806269574119,0.306178167998577,-3.42304842501396,0.000619230447921361,0.00610393048301554,"SLC19A2"
"ENSG00000117600",39.3866946448047,2.08582056665424,0.588793078796656,3.54253581057225,0.000396299611167847,0.00425085421805938,"PLPPR4"
"ENSG00000118257",1757.78184866915,-1.01897402598521,0.185715701704517,-5.48674138283928,4.09415843912031e-08,1.38865234974036e-06,"NRP2"
"ENSG00000118507",100.637378422348,-1.0293248276006,0.189340049501849,-5.43638195040476,5.43733342116497e-08,1.77689409225941e-06,"AKAP7"
"ENSG00000118689",5171.98676728715,-1.26781008591211,0.143129538548111,-8.85778085203534,8.16229758212455e-19,1.58437079934468e-16,"FOXO3"
"ENSG00000119138",1685.06206454709,-2.10643967378118,0.205045497748953,-10.2730354819114,9.32243198102509e-25,3.57604051538798e-22,"KLF9"
"ENSG00000119139",5036.04768030672,-1.95346182430686,0.251208729030605,-7.77624978178554,7.47061307959466e-15,9.04955243047741e-13,"TJP2"
"ENSG00000119508",216.829087482066,-2.11705719759252,0.327147779611629,-6.4712565070922,9.71912803896235e-11,5.93124514529252e-09,"NR4A3"
"ENSG00000119514",286.844820228204,1.15980573535619,0.397540466527823,2.9174532733387,0.00352902519948073,0.0249587906008929,"GALNT12"
"ENSG00000119630",713.564753686743,1.20470124315972,0.43006699377092,2.8011943734548,0.00509138423613431,0.0329691685805305,"PGF"
"ENSG00000119703",28.8682952034924,1.23630395276985,0.333969329097387,3.70184877788385,0.000214034178871678,0.00251334158586123,"ZC2HC1C"
"ENSG00000119711",563.760359540017,-1.23958640489904,0.200861356059723,-6.17135336142246,6.77079094754956e-10,3.5075309632145e-08,"ALDH6A1"
"ENSG00000119714",54.9761184855924,2.90715864750753,0.439737984912082,6.61111558986375,3.81434496005549e-11,2.58205511140563e-09,"GPR68"
"ENSG00000120129",3411.96609646938,-2.94479340092811,0.201036337523003,-14.6480653060602,1.38606494734247e-48,3.7218153944391e-45,"DUSP1"
"ENSG00000120162",60.71183502715,-2.79802237931958,0.44912263521582,-6.22997408708877,4.66512332100997e-10,2.4723619021313e-08,"MOB3B"
"ENSG00000120837",1844.53302325795,-1.02295170176588,0.326625299311508,-3.13188140637653,0.00173690019632966,0.0142191052149732,"NFYB"
"ENSG00000120899",392.082535593155,-1.09835110566521,0.385776752255019,-2.8471158493738,0.00441173042481441,0.0295786054407761,"PTK2B"
"ENSG00000121621",31.8627117165465,1.50108931804928,0.426162572819281,3.52233962761868,0.00042775576052714,0.00451970356977625,"KIF18A"
"ENSG00000122035",944.377660726553,-2.36740335111142,0.413683249336359,-5.72274404368383,1.04817120556076e-08,3.9641047635656e-07,"RASL11A"
"ENSG00000122641",881.409328358935,-1.08647057856084,0.345990252911079,-3.14017683856563,0.00168845878985911,0.0139358399402767,"INHBA"
"ENSG00000122877",17.1030162538579,3.0807457686119,0.508305831185007,6.06081138481099,1.35436579150036e-09,6.32469196140937e-08,"EGR2"
"ENSG00000122966",289.594576423566,1.58970537599473,0.226607133612122,7.01524859634735,2.29540455857979e-12,1.97760763867802e-10,"CIT"
"ENSG00000123358",180.843162251576,-1.2819210787832,0.263955719239053,-4.85657625634633,1.19432799289311e-06,2.73710075298732e-05,"NR4A1"
"ENSG00000123405",13.5730960061424,2.83855096506523,0.588673946393732,4.82194087653181,1.42168088548447e-06,3.1856329271266e-05,"NFE2"
"ENSG00000123562",5047.41389431327,-1.02445877113487,0.0904657846054247,-11.3242677947596,9.95068523697203e-30,6.97023868925463e-27,"MORF4L2"
"ENSG00000123610",323.526525073211,2.51556725633586,0.488741209988459,5.14703324566238,2.64638439326477e-07,7.08237524250644e-06,"TNFAIP6"
"ENSG00000123612",20.5715655324141,1.45030515518829,0.395007993972786,3.67158431555238,0.000241051525584084,0.00278774710291972,"ACVR1C"
"ENSG00000123685",42.4082278220509,-1.9354821136416,0.47944704797312,-4.03690485075239,5.41610221704675e-05,0.000773840088199452,"BATF3"
"ENSG00000123689",42.2681161898124,2.68337837965674,0.491543068242729,5.45909108076702,4.7857822023326e-08,1.59635066380498e-06,"G0S2"
"ENSG00000124134",26.1418132524416,2.74762564435395,0.784831972074832,3.50090942025482,0.000463673411091577,0.00482766272605235,"KCNS1"
"ENSG00000124151",1571.84756471968,-1.39610166659824,0.202383044045143,-6.89831340953064,5.26235496812344e-12,4.09573917349936e-10,"NCOA3"
"ENSG00000124249",96.8940060057851,1.4928701595678,0.47598272555077,3.13639567032682,0.00171038278948428,0.0140591720007047,"KCNK15"
"ENSG00000124374",25.5978948027179,-1.27210566650871,0.377812640842829,-3.36702780423356,0.000759830270913067,0.00722219793196485,"PAIP2B"
"ENSG00000124440",197.229454662814,-2.54723110327204,0.47450897178156,-5.3681410779408,7.95523171864043e-08,2.4790471609094e-06,"HIF3A"
"ENSG00000124466",19.9828272016845,1.42563557547895,0.414220830445469,3.44172835042063,0.000578010385621212,0.00578405299549276,"LYPD3"
"ENSG00000124762",8037.26092886987,1.00974304633296,0.22640213849971,4.45995366043885,8.1977375669998e-06,0.000151983601774377,"CDKN1A"
"ENSG00000124766",1284.80133428659,2.36149734406254,0.253622796327818,9.31106106491392,1.26561592588345e-20,3.089445179077e-18,"SOX4"
"ENSG00000125148",3659.69602097282,-2.19961330269667,0.143918709394088,-15.2837203165402,9.8172485982085e-53,3.16331384331474e-49,"MT2A"
"ENSG00000125398",567.957352411008,1.25834905836354,0.35291774914888,3.56555900460733,0.000363081459882621,0.00393912821560196,"SOX9"
"ENSG00000125657",13.347771040527,1.76530058725369,0.523133209583777,3.37447624221416,0.000739562993779355,0.00707127560402326,"TNFSF9"
"ENSG00000125848",179.144542300372,2.37209929685286,0.347659659134277,6.8230501714226,8.91275104560293e-12,6.77327038187306e-10,"FLRT3"
"ENSG00000125965",244.94326694772,1.30109811019216,0.274037069805272,4.74789090073366,2.05548855591645e-06,4.4690925943819e-05,"GDF5"
"ENSG00000126016",387.362413083544,2.30086493927703,0.350144255321517,6.57119145697331,4.99142284442629e-11,3.33679723844614e-09,"AMOT"
"ENSG00000126785",674.365369680212,1.18264645516434,0.311089581727294,3.80162668449972,0.000143749206731621,0.00178423996121197,"RHOJ"
"ENSG00000126803",449.543666398575,-2.55411461893216,0.645983948085005,-3.95383604577751,7.69081196858904e-05,0.00104298545139678,"HSPA2"
"ENSG00000126860",22.3825487615225,1.50717766889173,0.372634266019474,4.04465666829729,5.23998579696172e-05,0.000752418994428256,"EVI2A"
"ENSG00000126861",310.084255907471,1.71423389346489,0.246139454526084,6.96448237754272,3.29613394913852e-12,2.69563523119648e-10,"OMG"
"ENSG00000126878",93.5814433474025,2.7173663206343,0.493231282841794,5.50931462614853,3.60233530673098e-08,1.23746746538897e-06,"AIF1L"
"ENSG00000126882",18.001693364089,1.07914293314925,0.378142171920883,2.85380212333216,0.00431994295955359,0.0291329430813595,"FAM78A"
"ENSG00000126950",788.239297009003,1.64930864198605,0.310086799596349,5.31886118381374,1.04418763074303e-07,3.08811389535895e-06,"TMEM35A"
"ENSG00000127083",304.827984493728,-1.77963269821469,0.526970430295166,-3.37710162829797,0.00073253979058776,0.00701661627001154,"OMD"
"ENSG00000127324",26.4181035948866,-4.38151629880634,0.876039208227091,-5.00150707600583,5.68838788267567e-07,1.40776677692454e-05,"TSPAN8"
"ENSG00000127589",307.943805137992,1.1678289941111,0.28429120133228,4.10786189877942,3.99338751863725e-05,0.000596822507539562,NA
"ENSG00000127824",229.265600912277,1.54303793470351,0.190291409724099,8.10881551059368,5.11155872352529e-16,6.86269354955966e-14,"TUBA4A"
"ENSG00000127954",286.795611723088,-5.28343196132441,0.901403983931591,-5.86133637692617,4.59156775920595e-09,1.91149220073817e-07,"STEAP4"
"ENSG00000128045",124.332958708256,-3.99434384602586,1.03169978578011,-3.8716144958832,0.0001081168508213,0.00139909283821844,"RASL11B"
"ENSG00000128165",58.9342517155642,2.69497034121414,0.44395601249145,6.07035441662374,1.27628269771911e-09,5.99480773847012e-08,"ADM2"
"ENSG00000128262",161.818631701745,-1.56702820335498,0.547738266698797,-2.86090693060286,0.00422431041522836,0.0285957416385479,NA
"ENSG00000128285",6.64614184855214,5.34323298088949,1.16130642397377,4.60105349508526,4.20359442207324e-06,8.4444027099778e-05,"MCHR1"
"ENSG00000128311",316.811899222327,-1.30074988870189,0.144585003149858,-8.99643711563709,2.33161503303066e-19,4.87852594768273e-17,"TST"
"ENSG00000128342",153.550218307891,2.5141103620696,0.354893075303766,7.08413473527957,1.3991573089719e-12,1.24540460800256e-10,"LIF"
"ENSG00000128510",164.561138927101,2.28035470671149,0.59315635350727,3.84444117175514,0.00012082746519358,0.00153455976740373,"CPA4"
"ENSG00000128594",19.0629193703324,1.77406666356682,0.509257983152989,3.48363054140648,0.000494661821228906,0.00508583063294123,"LRRC4"
"ENSG00000128606",1140.49789335463,2.18954806064983,0.655298791482072,3.34129726639322,0.000833878900906678,0.00778367495510283,"LRRC17"
"ENSG00000128699",1857.94096847621,-1.00705322916524,0.152137641182589,-6.61935613919908,3.60766740066897e-11,2.46284447000753e-09,"ORMDL1"
"ENSG00000128917",68.5452459169927,-3.68235536619824,1.3004214807289,-2.83166298063166,0.0046306627643655,0.030701484689997,"DLL4"
"ENSG00000128923",1417.74004757835,-1.03115408334201,0.119202454255641,-8.65044339716862,5.12997202370022e-18,8.98358470367763e-16,"MINDY2"
"ENSG00000129048",1445.68488643874,1.45941945197643,0.315243783106096,4.62949479160786,3.66558945510778e-06,7.4545851177539e-05,"ACKR4"
"ENSG00000129467",105.99997854351,1.64649495273476,0.277226844952989,5.9391613139556,2.86483867667606e-09,1.24408129164226e-07,"ADCY4"
"ENSG00000130066",4103.02582448829,-1.31713921021478,0.164360930756476,-8.01370011810352,1.11307917860611e-15,1.44619505213895e-13,"SAT1"
"ENSG00000130513",452.075618195456,1.86090447027736,0.291944315968293,6.37417606198391,1.83949176774345e-10,1.05843042393267e-08,"GDF15"
"ENSG00000130592",20.0040854671316,2.05700582106287,0.635859550074731,3.23500027768886,0.00121642612466852,0.0106975116236542,"LSP1"
"ENSG00000131242",31.7988500690378,2.20730100874824,0.33798653882223,6.53073645015551,6.54470754744269e-11,4.2346097709578e-09,"RAB11FIP4"
"ENSG00000131386",11510.2334798557,-1.53993071167684,0.287964574141303,-5.34763943192958,8.91087600350709e-08,2.70873817533024e-06,"GALNT15"
"ENSG00000131389",742.538013824024,2.12363662489507,0.223472051390008,9.50291820245948,2.04089201883607e-21,5.6691053992186e-19,"SLC6A6"
"ENSG00000131459",1023.7662240361,-1.30830962405479,0.269407308765958,-4.85625141369626,1.1962879591723e-06,2.73769819747514e-05,"GFPT2"
"ENSG00000131730",20.0819772436736,1.1979831230981,0.357635558215691,3.34973157891529,0.000808899064123587,0.00758566520494477,"CKMT2"
"ENSG00000131771",95.7496025568607,3.05330458637241,0.725606063094516,4.20793698077836,2.57712710273702e-05,0.000408662349923191,"PPP1R1B"
"ENSG00000131979",85.1648501747506,-1.62015976017685,0.277502703982198,-5.83835666077251,5.27182095799864e-09,2.15023563175484e-07,"GCH1"
"ENSG00000132170",516.701116857203,-1.03346473105748,0.300533727136201,-3.4387645636495,0.000584375217477741,0.00583611986428781,"PPARG"
"ENSG00000132321",25.043329154385,1.47870962203403,0.491722218240536,3.00720522112079,0.00263661700586608,0.0199055935246056,"IQCA1"
"ENSG00000132326",92.8075866743364,1.12338771177734,0.383149557170673,2.93198227885966,0.00336805965013697,0.0240307354197668,"PER2"
"ENSG00000132334",80.2391206710655,-1.34476976702788,0.503374393794554,-2.67151007998378,0.00755108045432387,0.04507427091501,"PTPRE"
"ENSG00000132622",65.7199615404259,2.33637456561729,0.370740353955552,6.30191599239126,2.93988508534646e-10,1.61103702755159e-08,"HSPA12B"
"ENSG00000132965",12.5860054483768,-1.70141757363784,0.621601274456946,-2.73715264680605,0.006197352896509,0.038595111138638,"ALOX5AP"
"ENSG00000132970",1324.61475451187,-1.0985435384031,0.113936387414667,-9.64172696124719,5.3283897651988e-22,1.58973495383552e-19,"WASF3"
"ENSG00000133069",144.41339075288,1.05252707019119,0.184311947209473,5.71057430691118,1.12595562080966e-08,4.218667676015e-07,"TMCC2"
"ENSG00000133142",3059.99655459545,-1.54402748066808,0.154233000397127,-10.0110059241047,1.36358918175254e-23,4.48342557290106e-21,"TCEAL4"
"ENSG00000133216",344.859146704352,1.74469184453613,0.384860712787652,4.53330721106565,5.80672650995039e-06,0.000110975291579847,"EPHB2"
"ENSG00000133401",90.9214558409766,-1.23614576524364,0.329139346806205,-3.75569125125436,0.000172863695028685,0.00209556583190906,"PDZD2"
"ENSG00000133816",1758.2649458257,-1.11494571241169,0.270987288210501,-4.11438381399501,3.88215032494713e-05,0.000581816966374169,"MICAL2"
"ENSG00000134070",46.7688225682716,1.0334511484871,0.329767515164503,3.13387796239288,0.0017251258687039,0.0141514780400654,"IRAK2"
"ENSG00000134243",5516.90297696829,-2.21999781239585,0.269047915025458,-8.25131022548826,1.56667269992415e-16,2.27393368184487e-14,"SORT1"
"ENSG00000134253",137.307322500214,1.97158064444609,0.212888196989551,9.26110828278027,2.02321110034756e-20,4.79352265260289e-18,"TRIM45"
"ENSG00000134259",45.2498213811119,1.36339275642445,0.463452262159263,2.94181918558838,0.00326290385435151,0.0233846281127479,"NGF"
"ENSG00000134294",20625.3026472056,-1.22904192391908,0.173710712077963,-7.07522241557263,1.49209251302242e-12,1.32082980644528e-10,"SLC38A2"
"ENSG00000134363",2914.45703711454,1.78678114401538,0.31816380839323,5.61591575433692,1.95523914151717e-08,7.00019062421849e-07,"FST"
"ENSG00000134686",2741.36146833917,-1.3831240339139,0.0860434603650831,-16.0747141972823,3.83759171671886e-58,2.06091467160192e-54,"PHC2"
"ENSG00000135069",726.44650106537,1.271202176576,0.301225252169345,4.22010494611966,2.44188617224678e-05,0.000391065885895308,"PSAT1"
"ENSG00000135362",111.890414086026,-1.53697754568824,0.198087011439398,-7.75910310585134,8.55320945514102e-15,1.02074635208724e-12,"PRR5L"
"ENSG00000135472",156.188279082006,1.64060910239155,0.368779800892873,4.44874990012844,8.63715169769651e-06,0.00015830847667985,"FAIM2"
"ENSG00000135604",21.3614982385297,-2.47068983940697,0.60834614753206,-4.06132240572259,4.87955300809303e-05,0.000708877173249655,"STX11"
"ENSG00000135678",857.441808006291,-1.46092611087981,0.302214681482991,-4.83406730510554,1.33771325328339e-06,3.01847314056704e-05,"CPM"
"ENSG00000135821",19625.2222327263,-3.00025701730728,0.269595821882038,-11.1287222345013,9.09295706627183e-29,5.42580115906317e-26,"GLUL"
"ENSG00000135917",50.6941393440083,-1.40035330911293,0.393047377448822,-3.56281046372145,0.000366905591389634,0.00397793807730713,"SLC19A3"
"ENSG00000136237",98.6066705007862,-2.77316567779767,0.527740312009839,-5.25479220496988,1.48191690449466e-07,4.23891690119733e-06,"RAPGEF5"
"ENSG00000136383",68.8513535499531,-3.03599419375536,0.545385402656384,-5.56669499947757,2.59616225064318e-08,9.13248253714241e-07,"ALPK3"
"ENSG00000136436",3133.72494615856,-1.14833586473378,0.179336012296696,-6.40326418563359,1.5208968694814e-10,8.91024344153264e-09,"CALCOCO2"
"ENSG00000136478",3706.26471911544,-1.48126523352898,0.215657018663803,-6.86861592869455,6.48277800551246e-12,5.0213479060967e-10,"TEX2"
"ENSG00000136546",4997.70551024391,-1.4220521657855,0.388853942966086,-3.65703419370887,0.000255150354730935,0.0029195506854191,"SCN7A"
"ENSG00000136999",437.126529274733,2.58375170043377,0.338699090571011,7.62845774424086,2.37578688605728e-14,2.69551426206118e-12,"CCN3"
"ENSG00000137266",141.745875221304,1.38164154001363,0.224555343067081,6.15278853374196,7.6132289406229e-10,3.86929752247242e-08,"SLC22A23"
"ENSG00000137331",136.554874773645,1.24494736961331,0.419680466540162,2.96641723613356,0.00301291440733957,0.0220140879894094,"IER3"
"ENSG00000137393",158.423079444335,-2.17025845566236,0.371228123327627,-5.84615851894119,5.03054687258117e-09,2.07281689678146e-07,"RNF144B"
"ENSG00000137642",14.7918666893481,1.67224663932829,0.564621311365321,2.96171364004062,0.00305932169390934,0.0222422074957461,"SORL1"
"ENSG00000137672",656.177378093275,-1.9544763912965,0.224888604571832,-8.69086450608579,3.59691816309248e-18,6.43888316950922e-16,"TRPC6"
"ENSG00000137767",880.946023197509,-1.02679541424914,0.163416394931459,-6.2833072206727,3.31445147309197e-10,1.81013992145711e-08,"SQOR"
"ENSG00000137801",90670.9999367529,-1.95461773786034,0.292835282096046,-6.67480272141269,2.47564958833959e-11,1.72663162414455e-09,"THBS1"
"ENSG00000137869",63.3222268718355,-1.14068769176722,0.352407757850368,-3.236840467773,0.00120860957056096,0.0106403873176544,"CYP19A1"
"ENSG00000137872",289.472607810184,1.32933733162479,0.247913085608484,5.36211038784835,8.22552453535109e-08,2.53387047397785e-06,"SEMA6D"
"ENSG00000137880",102.087618870638,-1.3419799682244,0.244851175450685,-5.48079855346531,4.23410364859971e-08,1.43310176223928e-06,"GCHFR"
"ENSG00000137959",102.337917943696,-1.73052678204656,0.380537224849512,-4.54758869577323,5.4264053654448e-06,0.000105204352397932,"IFI44L"
"ENSG00000137962",4506.84349598532,-1.1968798210117,0.28598021391477,-4.18518401894895,2.84935176882594e-05,0.000443535327029514,"ARHGAP29"
"ENSG00000138073",1699.75285355026,-1.11714549498289,0.217195160591926,-5.1435100668832,2.69652197740365e-07,7.19265986389904e-06,"PREB"
"ENSG00000138074",436.499581099173,-1.20774403235753,0.179533514545456,-6.72712298545098,1.73050471809864e-11,1.25586313122916e-09,"SLC5A6"
"ENSG00000138135",37.9322990201576,1.56586689905527,0.379021813911758,4.13133714625677,3.60659158250195e-05,0.000544571668094554,"CH25H"
"ENSG00000138166",402.702914221937,-1.27392189114516,0.254018657371716,-5.01507213811061,5.30135716369179e-07,1.32186026872974e-05,"DUSP5"
"ENSG00000138311",109.9286362414,1.01494412430748,0.25983451323814,3.90611744244027,9.37909406787724e-05,0.00123763371564537,"ZNF365"
"ENSG00000138316",801.695465423581,2.4135399072242,0.308123247815192,7.83303410027603,4.76235076911572e-15,5.85696436955903e-13,"ADAMTS14"
"ENSG00000138356",4461.43082309411,-1.45109406702622,0.315269590020273,-4.60270864352287,4.17031439213014e-06,8.39849189645109e-05,"AOX1"
"ENSG00000138615",841.561859117804,-1.36461529606857,0.330104292317215,-4.13389140289407,3.56672057826139e-05,0.000539056615725791,"CILP"
"ENSG00000138669",239.794640506726,1.64207558096668,0.402831211380967,4.07633652650049,4.5750792984474e-05,0.0006700827507026,"PRKG2"
"ENSG00000138678",118.229537553147,-1.15567771207176,0.198611027651386,-5.81879931712693,5.92718447167738e-09,2.39330498804998e-07,"GPAT3"
"ENSG00000138735",6868.38746370269,1.17012077858955,0.230195795530021,5.08315443336125,3.71217635817629e-07,9.64626988815779e-06,"PDE5A"
"ENSG00000138829",15710.7685351709,-2.06993506678355,0.670032557456568,-3.08930520427394,0.00200625222218698,0.0159776221214307,"FBN2"
"ENSG00000139055",17.5171476870939,-2.05865543989753,0.744810646115549,-2.76399840769483,0.00570978179322784,0.0361454988097028,"ERP27"
"ENSG00000139132",1224.56793655509,-2.24969213339592,0.204969904768217,-10.9757192693235,5.00062824265722e-28,2.77810764198105e-25,"FGD4"
"ENSG00000139269",16.8509968375902,1.85460037921653,0.426819768424246,4.34516045511068,1.39173894497926e-05,0.000241359592492582,"INHBE"
"ENSG00000139354",124.519982470469,1.13319231691466,0.246507243895945,4.59699398283404,4.2862999296997e-06,8.5891266377353e-05,"GAS2L3"
"ENSG00000140105",2500.69660328676,1.33877196822486,0.224595171358245,5.9608225774784,2.50971345766938e-09,1.101743692548e-07,"WARS1"
"ENSG00000140511",146.683643240998,-1.33654546092205,0.39473047307172,-3.38596979990245,0.000709271887316283,0.00683029251437695,"HAPLN3"
"ENSG00000140545",9211.79709563252,-1.08970312426023,0.167566539739152,-6.50310692072863,7.86778318853341e-11,4.93221225488178e-09,"MFGE8"
"ENSG00000140600",11.2334377544159,2.77774461600118,0.803513509970797,3.45699802371976,0.00054622885493172,0.00553825870472306,"SH3GL3"
"ENSG00000140807",96.314325563272,-2.50641865753094,0.388607427717991,-6.44974459765043,1.12038800567265e-10,6.73528774604182e-09,"NKD1"
"ENSG00000141150",151.239953685248,-1.56786795071269,0.309096143615577,-5.07242805546822,3.92771648138158e-07,1.00924147099743e-05,NA
"ENSG00000141298",2052.19242616477,-1.21357985663503,0.185291940338066,-6.54955555228601,5.77085713857652e-11,3.76414086476139e-09,"SSH2"
"ENSG00000141401",628.209010546647,-2.35162871903528,0.23446423881621,-10.0297969997832,1.12748167742405e-23,3.7843452718706e-21,"IMPA2"
"ENSG00000141469",53.6429492370154,3.87700237582257,0.7989554101573,4.8525891764839,1.21859958400853e-06,2.77692473804264e-05,"SLC14A1"
"ENSG00000142871",5226.41627132991,-1.8141659974393,0.34328747548603,-5.28468449037002,1.25921590861484e-07,3.64878192512477e-06,"CCN1"
"ENSG00000143127",266.055293492376,-3.72338506374817,0.771604921355095,-4.82550714841107,1.39647455707684e-06,3.13788027741492e-05,"ITGA10"
"ENSG00000143226",21.6267736859943,1.25352961994025,0.432396333318661,2.89902925475652,0.00374319966639757,0.0260488136380583,"FCGR2A"
"ENSG00000143320",1496.24964437816,1.67499676816771,0.195236549635316,8.57931965759716,9.54359196244988e-18,1.63571074581947e-15,"CRABP2"
"ENSG00000143344",1080.19008871057,1.07333805567742,0.152315216285316,7.04682094050836,1.83051625923156e-12,1.60279605719998e-10,"RGL1"
"ENSG00000143494",19.0141234177572,3.94533406947449,0.606497690037282,6.50510980385097,7.76366502067628e-11,4.92936264399099e-09,"VASH2"
"ENSG00000143507",319.663738972784,1.18004358661956,0.198952928976525,5.93127023909658,3.0059998745245e-09,1.29838241229126e-07,"DUSP10"
"ENSG00000143786",77.9704798087797,1.52066159029511,0.224081540021702,6.78619751608201,1.15127510705144e-11,8.63503893849954e-10,"CNIH3"
"ENSG00000143869",99.2063943217579,-1.94524306510886,0.405595144424121,-4.79602157927897,1.61847852738862e-06,3.59659414548387e-05,"GDF7"
"ENSG00000143878",3318.74045239225,-1.19531722044576,0.172645488756756,-6.92353579032621,4.40507785219032e-12,3.4960694224945e-10,"RHOB"
"ENSG00000143891",529.642505893383,1.11621853855945,0.140429714134712,7.94859225796531,1.88642827190305e-15,2.37439421004923e-13,"GALM"
"ENSG00000144362",62.4492636867838,-1.446793149245,0.346209739884652,-4.17894987508737,2.92858217156594e-05,0.000453676801597104,"PHOSPHO2"
"ENSG00000144369",1306.44025860627,1.35426936100421,0.111746719707707,12.1190972276103,8.36757456097156e-34,7.48944409732293e-31,"FAM171B"
"ENSG00000144648",25.4374565882339,-2.20370232585688,0.70732847712736,-3.11552891918995,0.00183615343329109,0.014857328050674,"ACKR2"
"ENSG00000144891",117.796116157023,-1.22445644566405,0.455544343176408,-2.68789737817001,0.00719034907508462,0.0432378314938882,"AGTR1"
"ENSG00000145242",26.3990299841386,1.49771052468681,0.438403667766869,3.41628192190045,0.000634824878012976,0.0062174246867277,"EPHA5"
"ENSG00000145244",167.225787241321,-1.95177517924936,0.297151116051039,-6.56829159919467,5.08957994516702e-11,3.37441244841917e-09,"CORIN"
"ENSG00000145362",1984.30838214053,1.00343468832908,0.183994052592261,5.45362566991629,4.93530384331359e-08,1.63606337900464e-06,"ANK2"
"ENSG00000145390",8452.4239882099,-2.30232011619245,0.591462872724997,-3.89258603094589,9.91813109101962e-05,0.00129911390249933,"USP53"
"ENSG00000145506",157.673009551832,-1.37176995569248,0.496028013870233,-2.76550903847005,0.00568340300320696,0.0360209700175717,"NKD2"
"ENSG00000145569",20.5580625574034,-2.41789287835459,0.679488002235138,-3.55840407836645,0.000373115002179149,0.00402899182312887,"OTULINL"
"ENSG00000145632",524.936948073084,1.03300357813593,0.255222386734415,4.04746461058244,5.17754069856001e-05,0.000744779983879467,"PLK2"
"ENSG00000145675",3499.49881177558,-1.62459291817413,0.285262362427103,-5.69508330629944,1.23311696657852e-08,4.53578708870927e-07,"PIK3R1"
"ENSG00000145685",2022.83906876556,1.24731140561513,0.149461499748114,8.34536926042634,7.09917166071555e-17,1.07900711911121e-14,"LHFPL2"
"ENSG00000145777",152.810200794427,2.79057635384858,0.264277476533621,10.5592666861021,4.60243137258278e-26,1.95130978536003e-23,"TSLP"
"ENSG00000145861",91.7927697299578,1.02651810866984,0.33429468269402,3.0706982845115,0.00213558833128032,0.0167918319205745,"C1QTNF2"
"ENSG00000145911",65.5960153057633,1.35250437586153,0.350805062857147,3.85543003526231,0.000115526368376381,0.00148306400072659,"N4BP3"
"ENSG00000146006",46.9483600208489,4.13255350359823,0.474749874725536,8.70469635402717,3.18426110052287e-18,5.82973074892318e-16,"LRRTM2"
"ENSG00000146122",1944.90469627899,-1.64945930243561,0.258466402336443,-6.38171649206663,1.75113936089546e-10,1.01484195120096e-08,"DAAM2"
"ENSG00000146250",314.669754976266,2.73491752927724,0.353741302004958,7.73140573005217,1.06365428345693e-14,1.24177783773729e-12,"PRSS35"
"ENSG00000146373",820.12308027012,-1.08595421949939,0.152107684558701,-7.13937775497662,9.37543544749844e-13,8.60268712694265e-11,"RNF217"
"ENSG00000146592",671.212096620659,1.99920613041815,0.221736716354848,9.01612580579032,1.94858610295589e-19,4.18582276062964e-17,"CREB5"
"ENSG00000147027",12613.0575291722,-1.1450643678263,0.26873623760512,-4.26092282168828,2.03584533180709e-05,0.000335777005619559,"TMEM47"
"ENSG00000147119",453.728043294828,-1.54465406483764,0.210560683709711,-7.33590923824684,2.20221229626925e-13,2.20371691336608e-11,"CHST7"
"ENSG00000147576",243.295837910308,-1.48725166342236,0.283829136708489,-5.23995415224006,1.6061649680482e-07,4.55579644370152e-06,"ADHFE1"
"ENSG00000147655",151.721448235974,1.48612175311371,0.521744749734565,2.84836934893887,0.0043943892325346,0.0295237718621205,"RSPO2"
"ENSG00000147883",518.269514837144,1.49298325649062,0.280433019591612,5.32384973304792,1.01593841210639e-07,3.01432481720923e-06,"CDKN2B"
"ENSG00000148120",745.061873519953,-1.09668862879254,0.16600491993315,-6.60636220441043,3.93878537822141e-11,2.65513687148641e-09,"AOPEP"
"ENSG00000148175",11206.9334791584,-1.44742250286551,0.0789435261121649,-18.3349107159082,4.35731185076284e-75,3.51003256138201e-71,"STOM"
"ENSG00000148541",91.3935554859659,1.29881406740045,0.486753129687421,2.66832196484184,0.00762311678726793,0.0454537507622774,"FAM13C"
"ENSG00000148848",1368.66954436033,1.83672361755761,0.279117122413469,6.58047633078126,4.68943483817292e-11,3.14797852824183e-09,"ADAM12"
"ENSG00000149218",2029.52505076662,-1.95764246054256,0.251920455956276,-7.77087534678936,7.79455768995073e-15,9.3715014136415e-13,"ENDOD1"
"ENSG00000149256",650.351091214008,1.44198697925143,0.331665909189193,4.34770936445226,1.37566730379633e-05,0.000238829482020071,"TENM4"
"ENSG00000149403",45.1636609456436,2.17899426379493,0.621824099153034,3.50419719461318,0.000457986086091163,0.00478676995255914,"GRIK4"
"ENSG00000149488",60.1039593959353,-1.05918526124504,0.366029293299376,-2.89371719869078,0.00380710882295993,0.0263359082209994,"TMC2"
"ENSG00000149548",20.4690897426145,1.06016820578956,0.365059496892448,2.90409704394543,0.0036831397797197,0.0258220474286615,"CCDC15"
"ENSG00000149591",7804.3187831826,-1.31227249057256,0.3536024061555,-3.71115260453142,0.00020631767060513,0.00245114267052889,"TAGLN"
"ENSG00000149633",242.57308409503,1.49201809424689,0.282271666912204,5.28575223495937,1.25189241436499e-07,3.63409706087105e-06,"KIAA1755"
"ENSG00000150594",41.7917480787721,2.33969522490831,0.62209210378296,3.76101096715512,0.00016922800917934,0.00206235435392462,"ADRA2A"
"ENSG00000150636",73.9385840712542,1.06623290492176,0.324787931286667,3.28285875863002,0.00102760137600758,0.00931140931881788,"CCDC102B"
"ENSG00000150907",679.486019317389,-2.28456871723329,0.269250632347377,-8.48491495569016,2.15876557424597e-17,3.58555383161617e-15,"FOXO1"
"ENSG00000150938",10991.9145167071,-1.0499048869692,0.275213281841774,-3.81487724699572,0.000136250645301057,0.00170165437708941,"CRIM1"
"ENSG00000151690",940.429048116165,-1.03199064436165,0.226193878393165,-4.56241632926893,5.05682481036907e-06,9.88719715046797e-05,"MFSD6"
"ENSG00000151726",1461.87891976964,-1.60014086237945,0.175920487092274,-9.09581873508648,9.38764686453435e-20,2.07184080321251e-17,"ACSL1"
"ENSG00000152463",7.5385017796236,-3.90913687507389,0.879951599940535,-4.44244532919545,8.89422367665969e-06,0.000162098232641023,"OLAH"
"ENSG00000152495",69.2839155458862,1.32946191862952,0.202561996511513,6.56323467148468,5.26528836055706e-11,3.44833580394044e-09,"CAMK4"
"ENSG00000152580",6007.97811445138,1.15961185846475,0.3701871357708,3.13250177116558,0.00173323381783487,0.0142035249436101,"IGSF10"
"ENSG00000152583",997.961168152844,-4.59832488253954,0.210988298245782,-21.7942175977121,2.63252648967945e-105,4.24126342752256e-101,"SPARCL1"
"ENSG00000152779",45.7234560507757,-4.0283123332459,0.697230087763307,-5.77759394487494,7.57764134054388e-09,2.93764903063443e-07,"SLC16A12"
"ENSG00000153207",1846.23197585445,-1.28494308468985,0.230707528092986,-5.56957588385221,2.55360156562504e-08,9.00242337500766e-07,"AHCTF1"
"ENSG00000153904",3077.00084350527,-1.32899417369018,0.323514701638117,-4.10798695379473,3.99122643223217e-05,0.000596822507539562,"DDAH1"
"ENSG00000154127",416.666126015704,-1.11695084316238,0.255099579947359,-4.37848954276156,1.19504674194486e-05,0.000211111820827562,"UBASH3B"
"ENSG00000154262",2400.49362536236,-1.03350676195328,0.165380809651325,-6.24925445783123,4.12416544276411e-10,2.22222172068136e-08,"ABCA6"
"ENSG00000154263",153.939466064023,1.41590446026732,0.313404573994977,4.51781683406451,6.24804955942367e-06,0.000118986201479757,"ABCA10"
"ENSG00000154310",765.223453383136,1.12765842243623,0.192653890550919,5.85328652959743,4.81952744803241e-09,1.99095914654488e-07,"TNIK"
"ENSG00000154734",30345.8486135559,-2.29080497376003,0.256395952465226,-8.93463781988026,4.08514148631529e-19,8.33110309949691e-17,"ADAMTS1"
"ENSG00000154736",3785.07429290187,-2.12231419442856,0.419851271766373,-5.05491905621647,4.30573344633221e-07,1.0924357725017e-05,"ADAMTS5"
"ENSG00000154856",1453.82394267472,-1.76819047712871,0.595482975197263,-2.96933842070459,0.00298441718817247,0.0218256674165441,"APCDD1"
"ENSG00000154864",153.606956454729,2.60565568380986,0.596397606815369,4.3689908444192,1.24821998923468e-05,0.00021954227343406,"PIEZO2"
"ENSG00000154930",670.832739210564,-1.87825511116177,0.307450536576375,-6.10912939712885,1.00176085733357e-09,4.8520115339684e-08,"ACSS1"
"ENSG00000155011",12.1416985730267,1.5896671278222,0.52422060903537,3.03243920674424,0.00242585955571591,0.0186976572365384,"DKK2"
"ENSG00000155130",5667.05384362795,1.18615852209632,0.157006464760952,7.55483873802448,4.19379133509062e-14,4.65973601376862e-12,NA
"ENSG00000155324",536.668058337058,-1.29922549746101,0.315532228068837,-4.11756829219224,3.82891086458367e-05,0.000574907576321598,"GRAMD2B"
"ENSG00000155749",18.9486137474372,-1.0261108954591,0.356649926065838,-2.87708147532232,0.00401371947654598,0.0273888329041221,"FLACC1"
"ENSG00000155897",24.3674197871725,3.96962346762645,0.873777991168787,4.54305728428406,5.54441767789978e-06,0.000107105651329309,"ADCY8"
"ENSG00000155962",403.959357499069,1.23879639460787,0.195252458881716,6.34458793350375,2.23021573747339e-10,1.25195141973637e-08,"CLIC2"
"ENSG00000156675",1633.92737047472,-1.54122836599911,0.354074373542215,-4.35283793791802,1.343864931734e-05,0.000234064950434232,"RAB11FIP1"
"ENSG00000156804",3752.38929989878,-1.10211568069791,0.263284134857169,-4.18603149519741,2.83873976291682e-05,0.000442738976963726,"FBXO32"
"ENSG00000157150",167.720474430608,-2.92864388939786,0.291296476552327,-10.0538253124794,8.83690137629628e-24,3.16380706830021e-21,"TIMP4"
"ENSG00000157152",49.9675546872647,-3.55525131795322,0.446341830253957,-7.96531061390858,1.64809265855325e-15,2.10733498586916e-13,"SYN2"
"ENSG00000157214",3012.85797715233,-1.98374790749616,0.221008648811426,-8.97588360530077,2.81086460968603e-19,5.80587688803226e-17,"STEAP2"
"ENSG00000157368",52.2186831415002,2.15236230907758,0.390899618190168,5.5061765448706,3.66710788026147e-08,1.25703776721048e-06,"IL34"
"ENSG00000157510",488.542272114556,-1.69350437281711,0.216838166511441,-7.80999212483081,5.71915591941918e-15,6.98040310740624e-13,"AFAP1L1"
"ENSG00000157514",2207.5036286793,-3.33434594608013,0.3601940935364,-9.25708112907513,2.10096978358996e-20,4.90561220049533e-18,"TSC22D3"
"ENSG00000157578",18.2789474139647,1.15776465032697,0.379917739467815,3.04740876787896,0.00230823582239827,0.017930562842169,"LCA5L"
"ENSG00000157617",963.06779142376,-1.12753681858119,0.283452452413226,-3.97786933569171,6.95355632964502e-05,0.000951816024017935,"C2CD2"
"ENSG00000158125",23.2062947572971,-1.35359914054183,0.462689711101797,-2.92550084443962,0.00343902242694846,0.0244726547352326,"XDH"
"ENSG00000158246",70.3669582233092,-2.33034499406093,0.230849426997103,-10.0946535773302,5.83366836375063e-24,2.13605070473606e-21,"TENT5B"
"ENSG00000158716",159.151681342049,-1.33512590957271,0.21487019658632,-6.21363935428966,5.17712763215637e-10,2.72577461704808e-08,"DUSP23"
"ENSG00000158806",34.2341612144949,1.13329610066228,0.370409148660653,3.05957912961954,0.00221648226311339,0.0173135772164267,"NPM2"
"ENSG00000158813",82.0285063206672,-1.52816940254935,0.359696931419329,-4.24849163021586,2.152146859753e-05,0.000351299271099094,"EDA"
"ENSG00000159023",342.962881392257,1.04461017677272,0.203036862728359,5.14492867322468,2.6762247375334e-07,7.1503576693865e-06,"EPB41"
"ENSG00000159167",924.79853646081,-2.27330902499721,0.694762469331666,-3.27206653402572,0.00106764447841614,0.00962552892655985,"STC1"
"ENSG00000159200",2863.31736958056,-1.14400773153853,0.416785677010143,-2.74483456280262,0.0060541409087161,0.0378985060350774,"RCAN1"
"ENSG00000159212",758.533367603348,-1.04704324526834,0.227507646581648,-4.60223320402805,4.1798481069349e-06,8.40718262806844e-05,"CLIC6"
"ENSG00000159713",14.1541487060378,1.5488227003173,0.456596113091875,3.39210662532654,0.000693574442423769,0.00671525110690465,"TPPP3"
"ENSG00000160097",14.6892872275093,1.68305115492786,0.438215914188698,3.8406892594118,0.00012268934001835,0.00155519115423732,"FNDC5"
"ENSG00000160145",42.2480602500775,1.63864963636524,0.368226433368016,4.45011408164587,8.58246870343941e-06,0.000157485368201722,"KALRN"
"ENSG00000160200",835.088247188961,-1.24337014316392,0.30652078542829,-4.05639748517088,4.98354208515763e-05,0.000720088309721744,"CBS"
"ENSG00000160223",16.5804959385751,1.58891949383554,0.565210055107523,2.81120174610706,0.00493568270319363,0.0321808110202965,"ICOSLG"
"ENSG00000160256",152.130883837956,-1.00436684285672,0.307295728796272,-3.26840482551122,0.00108155545884856,0.00973460335056378,"SLX9"
"ENSG00000160460",176.230867529701,1.09041317551359,0.2225838006191,4.8988882950183,9.63804158520457e-07,2.25695476713998e-05,"SPTBN4"
"ENSG00000161267",64.2114762447164,-1.46301957833742,0.268933294119552,-5.44008350891297,5.32556019607198e-08,1.74390447802674e-06,"BDH1"
"ENSG00000161381",490.768723319206,1.2396667790162,0.285935851322088,4.33547165661222,1.45447915656591e-05,0.000250086592224476,"PLXDC1"
"ENSG00000161647",166.529593810525,-1.56426454303664,0.163143908884688,-9.58824974668397,8.95918678901488e-22,2.62439015196034e-19,"MPP3"
"ENSG00000162407",25918.6443632373,1.01773265341728,0.206570908510668,4.92679564975975,8.35890948367711e-07,1.98922290534006e-05,"PLPP3"
"ENSG00000162426",168.799458345104,-1.29142169863618,0.153752451931141,-8.39935677393001,4.4893090866223e-17,7.0909077151541e-15,"SLC45A1"
"ENSG00000162493",1100.78296680739,-1.88238537109908,0.624265789160081,-3.01535884840293,0.00256675377949718,0.0194969213302588,"PDPN"
"ENSG00000162496",3698.12123150668,-1.1229583302355,0.365501518037856,-3.0723766518507,0.0021236157971249,0.0167140078688223,"DHRS3"
"ENSG00000162614",5399.1359732014,-2.0257856699602,0.149791587900087,-13.524028273947,1.1282462229119e-41,1.65247044521215e-38,"NEXN"
"ENSG00000162616",1469.49979755538,-1.51698905416763,0.120145519558866,-12.6262640482767,1.51292340004031e-36,1.59848453076938e-33,"DNAJB4"
"ENSG00000162630",42.6925470750995,-2.85026954322193,0.615345158870199,-4.63198499595763,3.62176406724982e-06,7.4027813157676e-05,"B3GALT2"
"ENSG00000162643",89.2822072522594,1.58902415959059,0.23696404157516,6.70576070963319,2.00359822631017e-11,1.42831730195058e-09,"DNAI3"
"ENSG00000162692",509.657746953338,3.61334833083431,0.331582854452709,10.8972713224219,1.18765635517347e-27,6.08581283275657e-25,"VCAM1"
"ENSG00000162772",374.017217200275,-1.97201561095676,0.340312568708624,-5.7947187153267,6.84357841161377e-09,2.73590302207219e-07,"ATF3"
"ENSG00000162878",1590.58504129249,-1.53545864141626,0.31144236233125,-4.93015346378329,8.21650454426924e-07,1.96112747722551e-05,"PKDCC"
"ENSG00000162998",89.5367974914334,-1.77333369060396,0.450454902226424,-3.93676188634879,8.25884821949998e-05,0.00110974398385625,"FRZB"
"ENSG00000163017",1160.31017685737,-1.92391769146297,0.670258378321244,-2.8704119988499,0.00409937284838302,0.027914199476035,"ACTG2"
"ENSG00000163072",19.5696011210565,-1.02004402953012,0.377935471457042,-2.69898992438466,0.00695502819926439,0.0422043161274382,"NOSTRIN"
"ENSG00000163083",419.092237259968,-3.63958532284336,0.669608854044153,-5.4353900801368,5.46766833186356e-08,1.7831903743857e-06,"INHBB"
"ENSG00000163110",1315.80262028287,-1.58273172936965,0.16979140218832,-9.32162470520266,1.14572229389035e-20,2.88417685576053e-18,"PDLIM5"
"ENSG00000163171",1359.56836224781,-1.50788798239345,0.28838001631513,-5.22882272378297,1.70592842238466e-07,4.77986309791988e-06,"CDC42EP3"
"ENSG00000163251",54.3143816181658,-2.4737922683936,0.407879379295598,-6.06500939730223,1.31945937263382e-09,6.17959591642544e-08,"FZD5"
"ENSG00000163378",1807.67571666714,-1.25999892824131,0.174899841799171,-7.20411702652144,5.84211758704196e-13,5.56937020383628e-11,"EOGT"
"ENSG00000163431",4942.63497765937,-1.14656532524687,0.258642207570489,-4.4330170857144,9.29234990696382e-06,0.000168401630316191,"LMOD1"
"ENSG00000163485",45.8914811034664,1.65652936824603,0.491332381981368,3.37150456390812,0.000747588000403513,0.0071268581505923,"ADORA1"
"ENSG00000163491",160.677723573361,2.47623384898219,0.238939196787147,10.3634476146167,3.63614578664708e-25,1.46454861921678e-22,"NEK10"
"ENSG00000163513",13233.033798253,-1.45100109001869,0.17150493093047,-8.4604045035122,2.66451667058759e-17,4.29280280798367e-15,"TGFBR2"
"ENSG00000163661",8574.29391846598,-2.23379094946534,0.332878075651722,-6.71053792020376,1.93908245521909e-11,1.39064166304169e-09,"PTX3"
"ENSG00000163697",2269.39270679434,-1.07669333715629,0.100912842422633,-10.6695373087103,1.41328372217539e-26,6.50554687084791e-24,"APBB2"
"ENSG00000163803",102.954344219385,-1.48444914392183,0.342058576104285,-4.33975128128131,1.42644071753549e-05,0.000246053387582594,"PLB1"
"ENSG00000163884",561.414367977579,-4.57833241698974,0.420133372448491,-10.8973309839866,1.18687805835227e-27,6.08581283275657e-25,"KLF15"
"ENSG00000164070",593.00634469787,1.29759577695438,0.244941532985386,5.29757351127463,1.17351666841568e-07,3.42509547913859e-06,"HSPA4L"
"ENSG00000164104",1066.61367933481,-1.23537929763932,0.197992123847522,-6.23953758176114,4.38866309790897e-10,2.35685837234705e-08,"HMGB2"
"ENSG00000164105",539.231810098618,-1.22748094932639,0.164479097998672,-7.46283852636582,8.46780977856992e-14,9.07195597720895e-12,"SAP30"
"ENSG00000164106",26.3253243347734,-1.51738235505538,0.529368058880333,-2.86640330787013,0.00415164962767765,0.028246295249795,"SCRG1"
"ENSG00000164122",19.1750888629054,-1.92940061509837,0.727554224276397,-2.65189940587217,0.00800403843808538,0.0474092144397035,"ASB5"
"ENSG00000164125",5604.09169009112,-1.12050452755224,0.0937711143052324,-11.9493570685842,6.54294399160048e-33,5.54807213940396e-30,"GASK1B"
"ENSG00000164171",846.99926465968,1.03476587634481,0.231556433327026,4.46874164313723,7.86810937530163e-06,0.000146546948145069,"ITGA2"
"ENSG00000164292",14419.3359824602,-1.04749361272828,0.235129322403673,-4.45496802363906,8.39056994560619e-06,0.00015466873271586,"RHOBTB3"
"ENSG00000164330",886.24177899982,-1.11783674058707,0.21396818187598,-5.22431293656077,1.74802939872742e-07,4.87240512852898e-06,"EBF1"
"ENSG00000164442",7519.24168382832,-1.61187493985273,0.26743218280395,-6.02722874619157,1.66794857712655e-09,7.586968022951e-08,"CITED2"
"ENSG00000164483",12.5891782679164,1.38697696587434,0.477981003478915,2.90174077166128,0.00371095483362253,0.0259493026581999,"SAMD3"
"ENSG00000164484",818.792165313644,1.21773128202498,0.122134052456963,9.9704485156102,2.05299622721911e-23,6.61516444334541e-21,"TMEM200A"
"ENSG00000164619",554.534096078332,1.47151937579642,0.353281726873303,4.16528584373724,3.10962705153941e-05,0.000478045815146483,"BMPER"
"ENSG00000164647",1923.10027992604,-1.55265313888934,0.138497342301498,-11.2107071015798,3.61295444959047e-29,2.32833236549408e-26,"STEAP1"
"ENSG00000164761",7635.42416724464,1.5394859398295,0.347994863960373,4.42387546272755,9.6945918462926e-06,0.000174318715664755,"TNFRSF11B"
"ENSG00000165030",1431.68740947836,-1.14771595908568,0.199698684861097,-5.74723844518048,9.07127648918995e-09,3.47143314768027e-07,"NFIL3"
"ENSG00000165072",641.919294633623,-2.29843731585102,0.760577365931682,-3.02196386430132,0.00251140526472937,0.0191584327525212,"MAMDC2"
"ENSG00000165105",33.7055159954175,1.82140925510971,0.639102115108139,2.8499502850206,0.00437260631714921,0.0294019450649378,"RASEF"
"ENSG00000165125",29.9030692920574,-1.7371128778986,0.545687260351981,-3.18334878622257,0.00145582131914206,0.0123121980434109,"TRPV6"
"ENSG00000165244",42.8891969366027,-1.21847894122892,0.384629720057823,-3.16792717173738,0.00153529975391274,0.0128561405069065,"ZNF367"
"ENSG00000165272",139.027343003421,2.98618812391556,0.46923425174415,6.36396024547622,1.96617049833967e-10,1.12329691130321e-08,"AQP3"
"ENSG00000165495",15.4029272758098,2.24585979046505,0.541430865640062,4.14800842174017,3.3538006473637e-05,0.000512647838991239,"PKNOX2"
"ENSG00000165507",18377.9313416258,-1.61196411160942,0.271843916651367,-5.92974134373116,3.03412248321857e-09,1.30702532960252e-07,"DEPP1"
"ENSG00000165644",74.8417948588337,-1.02117716878226,0.246269421181178,-4.14658532872007,3.37470447911762e-05,0.000514866135066894,"COMTD1"
"ENSG00000165891",40.0812202078824,1.50100223177063,0.37560682854167,3.99620591989346,6.43657514953551e-05,0.000891656597026369,"E2F7"
"ENSG00000165895",108.781406158258,1.32807193573781,0.311871968156311,4.25838828538826,2.05906075115755e-05,0.000339197625377294,"ARHGAP42"
"ENSG00000165899",27.890746174031,-1.8859191161108,0.538701455156177,-3.50086137332606,0.000463757011036599,0.00482766272605235,"OTOGL"
"ENSG00000165995",495.567498008168,-3.29638295690856,0.313216536603143,-10.52429412782,6.6759938887379e-26,2.75787019337068e-23,"CACNB2"
"ENSG00000166260",775.31541774342,-1.05245119346236,0.215789032811683,-4.87722281224931,1.07589881810332e-06,2.49048934748026e-05,"COX11"
"ENSG00000166292",38.5660202943524,-1.3736082840566,0.454564682947204,-3.02181039483911,0.00251267881609318,0.0191584327525212,"TMEM100"
"ENSG00000166473",146.712976098317,1.37570169850468,0.428772847478018,3.2084627247186,0.0013344660620024,0.0115155772495558,"PKD1L2"
"ENSG00000166592",105.916534156911,1.51299423051721,0.314301853212656,4.81382535626833,1.48068219317694e-06,3.31323205753801e-05,"RRAD"
"ENSG00000166741",7439.86238571724,-2.15828730836062,0.175103139771835,-12.3258058717447,6.57825414745688e-35,6.23425015115752e-32,"NNMT"
"ENSG00000166762",15.0708254856542,1.7595275662401,0.59642559088351,2.95012084178622,0.00317649662441147,0.0229080291476693,"CATSPER2"
"ENSG00000166793",139.589324675414,1.25265740715501,0.258287356701812,4.84985956397849,1.23548916488531e-06,2.81143586659142e-05,"YPEL4"
"ENSG00000166825",4204.54955712067,-1.08145003467061,0.185410664765686,-5.83272831709709,5.45283149494208e-09,2.2073007089199e-07,"ANPEP"
"ENSG00000166979",130.777742819472,-1.35651981094487,0.260716084489941,-5.20305378779654,1.96040098827961e-07,5.3623124485862e-06,"EVA1C"
"ENSG00000167191",2748.90044726366,-1.88663950226091,0.346124029423594,-5.45076140885902,5.01546206172422e-08,1.65243577252431e-06,"GPRC5B"
"ENSG00000167549",1998.20443441901,-2.36060206117827,0.287872536042441,-8.20016418943919,2.40058926138297e-16,3.36161169001418e-14,"CORO6"
"ENSG00000167552",9331.41214728198,1.20180543672619,0.230539783459492,5.21300670405704,1.85804178788146e-07,5.11707884522364e-06,"TUBA1A"
"ENSG00000167641",231.914731887227,-2.82975902254339,0.453919818820416,-6.2340503877909,4.54526775555318e-10,2.42479499369925e-08,"PPP1R14A"
"ENSG00000167642",61.5822206750029,-2.05365351706865,0.655797967154103,-3.1315338258529,0.00173895752577518,0.0142287174696617,"SPINT2"
"ENSG00000167645",624.931127836304,-1.13940564837405,0.18877375353141,-6.03582662875041,1.58150980802517e-09,7.3007749332646e-08,"YIF1B"
"ENSG00000167771",45.7217141797248,1.42885247678286,0.260293282914219,5.48939435080907,4.03314266168955e-08,1.37084306798482e-06,"RCOR2"
"ENSG00000167992",252.13858648654,1.50900293977328,0.291273467957277,5.18070852919091,2.21044661213518e-07,5.98529501985039e-06,"VWCE"
"ENSG00000168309",159.749873951273,-4.71352521246127,1.07649762620667,-4.37857464588253,1.19458025679984e-05,0.000211111820827562,"FAM107A"
"ENSG00000168398",5618.09486207938,1.99599537914141,0.328762733795614,6.07123367085239,1.26931333157357e-09,5.99393202969098e-08,"BDKRB2"
"ENSG00000168481",21.0206950614602,-4.87949140092432,0.895017305703515,-5.45184028267349,4.98512202873602e-08,1.64918482556398e-06,"LGI3"
"ENSG00000168556",382.556718353166,-1.29275619521644,0.234990093930924,-5.50132209231104,3.76953855325403e-08,1.28395424168025e-06,"ING2"
"ENSG00000168621",218.571329248311,-1.808487351304,0.312696391771726,-5.78352484676009,7.31513773474159e-09,2.85361220446542e-07,"GDNF"
"ENSG00000168646",316.987703816401,-1.16994059099628,0.237011351647399,-4.9362217584278,7.96505365023198e-07,1.91244380564661e-05,"AXIN2"
"ENSG00000168811",36.1642357431568,1.98088942869804,0.511123287119157,3.87556090402948,0.00010637936695157,0.00137771541877552,"IL12A"
"ENSG00000168918",16.192772951366,2.10169964859601,0.532965283650399,3.94340816009815,8.03317631179113e-05,0.00108394056582301,"INPP5D"
"ENSG00000168994",1329.75887300369,-1.38280501132179,0.213047196105988,-6.49060413183691,8.54928501293557e-11,5.25715766577882e-09,"PXDC1"
"ENSG00000169031",44.9181327230538,-2.07494277927247,0.46300816899738,-4.48143881298173,7.41414902655178e-06,0.00013921836243214,"COL4A3"
"ENSG00000169218",644.135310268406,-1.34387115627245,0.258334022364008,-5.20206802021166,1.97083061736915e-07,5.38170374176854e-06,"RSPO1"
"ENSG00000169271",82.9085859789953,-2.38214929842403,0.479837203967843,-4.9644947884943,6.88801357417038e-07,1.66876370967607e-05,"HSPB3"
"ENSG00000169715",554.726585135581,-2.17203485255541,0.254909812997506,-8.5207973244116,1.5845862005027e-17,2.68729139750515e-15,"MT1E"
"ENSG00000169738",628.130581562876,-2.14606217092323,0.238315552475952,-9.00512848879128,2.15413419279353e-19,4.5664810500127e-17,"DCXR"
"ENSG00000169744",618.338215504544,1.32307128459981,0.17791974279089,7.43633766464478,1.03515036030714e-13,1.09719127992818e-11,"LDB2"
"ENSG00000169750",73.7592003234953,-1.47466290378624,0.226737095268264,-6.50384491360573,7.82926136218623e-11,4.92936264399099e-09,"RAC3"
"ENSG00000169855",1731.62642673612,1.13483199443743,0.203959346817011,5.56401073129335,2.63643722391599e-08,9.23383480750228e-07,"ROBO1"
"ENSG00000169908",954.246234593361,-1.16482533534198,0.216070733778886,-5.39094450678358,7.00883178904622e-08,2.21410370496713e-06,"TM4SF1"
"ENSG00000170214",201.750981401242,-3.67553827880653,0.495321958467599,-7.42050340384206,1.16676009525342e-13,1.22860600618483e-11,"ADRA1B"
"ENSG00000170485",287.871106975821,-1.16835206265081,0.247661858160044,-4.71752926078667,2.38726074418227e-06,5.10772348599211e-05,"NPAS2"
"ENSG00000170624",2126.69549296535,1.18731902365821,0.276162322579552,4.29935196288836,1.71298250649755e-05,0.00028807788269501,"SGCD"
"ENSG00000170647",28.1108587062959,1.07767518146735,0.380689304506424,2.83085226905596,0.00464241579720069,0.0307414553673244,NA
"ENSG00000170775",214.049690079088,-1.48809758617855,0.545392895183953,-2.72848729662427,0.00636255407590002,0.039388743657868,"GPR37"
"ENSG00000170873",1488.92890041864,-1.95454140559423,0.588631362438877,-3.32048465358008,0.000898612994205101,0.00825913043595663,"MTSS1"
"ENSG00000170989",242.495378731726,1.48218344205897,0.231416710473199,6.40482460850912,1.50542338043505e-10,8.85177959203984e-09,"S1PR1"
"ENSG00000171033",245.67425559141,1.33434935964938,0.350105184872393,3.81128134430723,0.000138248311140667,0.00172393075912329,"PKIA"
"ENSG00000171132",402.499879296708,1.18797332531544,0.209473466778092,5.67123532916908,1.41771495317241e-08,5.15030805884341e-07,"PRKCE"
"ENSG00000171227",14.6763866689767,2.15165331719531,0.77247616912787,2.78539766427298,0.00534621125727055,0.0342204249367842,"TMEM37"
"ENSG00000171385",119.626453016836,-1.48998244797062,0.500030765206406,-2.97978154875246,0.00288454011157622,0.0212398655107881,"KCND3"
"ENSG00000171502",75.9679594961032,1.01585225821844,0.380286938368497,2.67127833150578,0.00755629622989592,0.0450886994666123,"COL24A1"
"ENSG00000171509",35.3129790507974,1.96080500088842,0.48535254877386,4.03996024300682,5.34602628965927e-05,0.000765598484912893,"RXFP1"
"ENSG00000171617",712.35763775952,1.22366220870349,0.245728739552281,4.97972769051356,6.36738012405439e-07,1.55904044344438e-05,"ENC1"
"ENSG00000171793",688.89707180496,-1.53793938212158,0.229689096506133,-6.69574396658621,2.14577131388915e-11,1.52293046863736e-09,"CTPS1"
"ENSG00000171817",33.1896163324598,1.19149812477664,0.344265935785164,3.46098176126313,0.000538209274554642,0.00548109331374832,"ZNF540"
"ENSG00000171819",255.07745523442,-5.79174135942874,1.3975964007574,-4.14407289278222,3.4119121306447e-05,0.000519068142935002,"ANGPTL7"
"ENSG00000171877",91.3735334041907,1.30139574995272,0.251572820689671,5.17303795531261,2.30318205124795e-07,6.18442767127596e-06,"FRMD5"
"ENSG00000172260",1336.76345164385,-1.46303958597201,0.359066364645557,-4.0745659577895,4.61002465283973e-05,0.000674587712823804,"NEGR1"
"ENSG00000172403",8023.95226932514,-1.71916071436873,0.256196921673258,-6.71030980052628,1.94211640608516e-11,1.39064166304169e-09,"SYNPO2"
"ENSG00000172465",395.857406108128,-1.03488981057239,0.151435795931193,-6.83385195824245,8.26643335069721e-12,6.31187240346364e-10,"TCEAL1"
"ENSG00000172497",23.0227895141737,1.70099505217904,0.47398634678357,3.58870052633761,0.000332330324488768,0.00365472618282494,"ACOT12"
"ENSG00000172738",50.9554931577041,1.76983730525397,0.459500922638747,3.85165125477972,0.000117324028250188,0.00150374496351534,"TMEM217"
"ENSG00000172955",31.8631203037995,-1.00298186608547,0.318698580365537,-3.14711745792869,0.00164888709546749,0.0136371765888485,"ADH6"
"ENSG00000172986",758.359345202166,1.57355628723581,0.158100025691059,9.95291607548931,2.44899829399358e-23,7.73643363030012e-21,"GXYLT2"
"ENSG00000173110",13.4988082695557,2.69081861682503,0.545484380841915,4.93289764350714,8.10186169043826e-07,1.94137069394041e-05,"HSPA6"
"ENSG00000173114",60.698293698792,1.08647394568041,0.316270711533014,3.43526575829326,0.000591972984694055,0.0058944850163201,"LRRN3"
"ENSG00000173320",81.8227590809403,1.10555431645913,0.418375300945141,2.64249422459118,0.00822978688597698,0.0483505892186116,"STOX2"
"ENSG00000173838",47.3940073406707,-3.88234577759227,0.444247379469191,-8.73915290672303,2.34864806171633e-18,4.39989173515254e-16,"MARCHF10"
"ENSG00000173918",993.875209901419,-1.23258879639383,0.243578392522306,-5.06033718192368,4.18515709022541e-07,1.0668839538073e-05,"C1QTNF1"
"ENSG00000173947",78.2111738588458,1.23337646545701,0.271554213424945,4.541916142273,5.57452164696053e-06,0.000107558225454109,"CIMAP3"
"ENSG00000174306",3239.18818518982,-1.13748860438764,0.124154848315255,-9.16185408643345,5.10131844350418e-20,1.17410487776137e-17,"ZHX3"
"ENSG00000174437",10597.2022982576,-1.38026630180808,0.204949717248662,-6.73465823879826,1.64315692913296e-11,1.19786883643715e-09,"ATP2A2"
"ENSG00000174680",14.3978998045903,-3.09069250173033,0.629228545532181,-4.91187585762868,9.02091639715145e-07,2.12479508880858e-05,NA
"ENSG00000174697",116.080220538477,-3.19507101013541,0.617389374292293,-5.17513119463368,2.27750888865204e-07,6.12570045159816e-06,"LEP"
"ENSG00000174944",21.3897524787639,-1.58850931910673,0.391314870125957,-4.05941465652817,4.91958841644917e-05,0.00071340674147086,"P2RY14"
"ENSG00000175130",621.55274454656,1.13821455103061,0.173398226053623,6.5641649106527,5.2325268241096e-11,3.44833580394044e-09,"MARCKSL1"
"ENSG00000175197",435.038885119723,1.04298019565359,0.170252590811153,6.12607532539976,9.00731763582719e-10,4.46513521325575e-08,"DDIT3"
"ENSG00000175471",158.376255312837,-1.78256058763221,0.482312753842532,-3.69586035913574,0.000219143403778084,0.00256585710629993,"MCTP1"
"ENSG00000175538",105.316946010679,1.19086031640986,0.262326916392763,4.53960399026257,5.63599791917863e-06,0.000108484542981944,"KCNE3"
"ENSG00000175741",220.359459441709,-1.12735473208146,0.184979792100873,-6.09447507361611,1.0979713873993e-09,5.29623264143419e-08,NA
"ENSG00000175946",46.2552579770609,-1.01185905216159,0.25772223404162,-3.92616126398386,8.63122993813355e-05,0.00115592473427489,"KLHL38"
"ENSG00000176293",145.476987791842,1.15533850212026,0.232632613275886,4.96636514481358,6.82194525621202e-07,1.65774298676971e-05,"ZNF135"
"ENSG00000176771",107.950807930374,2.21045272822839,0.292100378515681,7.56744219045823,3.80644473040081e-14,4.25872437857551e-12,"NCKAP5"
"ENSG00000176909",52.5852501920669,1.12020207826931,0.302707307735369,3.70061128239628,0.000215080732427462,0.00252379146404868,"MAMSTR"
"ENSG00000176928",260.398332536442,-1.96027110017405,0.528337927690519,-3.71026003895427,0.000207046466442165,0.00245273942709538,"GCNT4"
"ENSG00000176971",2622.29345092,-1.27315145298556,0.251274767555518,-5.06676999593388,4.04622692645937e-07,1.0347422541617e-05,"FIBIN"
"ENSG00000177283",115.192246559683,-2.46580572364545,0.281891512937344,-8.74735708766628,2.18407710582429e-18,4.13972544140413e-16,"FZD8"
"ENSG00000177570",102.441568005606,2.03107068808264,0.379841531634561,5.34715274378344,8.93486116781634e-08,2.71091428012597e-06,"SAMD12"
"ENSG00000177575",10.1073531895253,-4.40103022975925,0.944493778762744,-4.65967095677904,3.16715258982584e-06,6.59250586236228e-05,"CD163"
"ENSG00000177606",3156.69233936673,1.08210915449488,0.331297475431495,3.26627648787694,0.00108971795065416,0.00978620172964841,"JUN"
"ENSG00000177614",133.494401941133,2.48097080829743,0.354738377236857,6.9938043569526,2.67530566262496e-12,2.25664133667805e-10,"PGBD5"
"ENSG00000177666",1703.40729709041,-1.10094903952528,0.0994204611398188,-11.073666596426,1.68367760909371e-28,9.68776070003886e-26,"PNPLA2"
"ENSG00000177674",752.44697283376,-1.10550186181247,0.151232183442516,-7.30996429891969,2.67213372009454e-13,2.64115008370817e-11,"AGTRAP"
"ENSG00000178015",23.0038613721114,-2.59802931030553,0.551298508497461,-4.7125636479343,2.44619639645957e-06,5.2268793293581e-05,"GPR150"
"ENSG00000178038",34.9005441454911,1.06625423493656,0.343220143885737,3.10661904299979,0.00189240097409633,0.015236617737964,"ALS2CL"
"ENSG00000178184",59.5488362793406,1.13057838564277,0.400214390246013,2.82493186951074,0.00472906703531409,0.0311743040122526,"PARD6G"
"ENSG00000178662",38.0026294813732,1.2912683710605,0.337129742633494,3.83018229413323,0.000128048362523009,0.00161676110392492,"CSRNP3"
"ENSG00000178695",2657.21826213722,2.50396112729604,0.176542152326043,14.1833612783402,1.16147303413589e-45,2.33906150662041e-42,"KCTD12"
"ENSG00000178723",34.5156576614655,-3.6093832721935,0.555689718557535,-6.49532131269726,8.28563784612674e-11,5.1342273591903e-09,"GLULP4"
"ENSG00000178734",14.4236699479536,1.66144629849681,0.515946933760548,3.22018833678715,0.00128106404100837,0.0111563366295599,"LMO7DN"
"ENSG00000179082",29.4708842688431,1.14163129086801,0.422964466980336,2.69911867306122,0.00695233797688711,0.0422038873947356,NA
"ENSG00000179094",777.098912422347,-3.18009322690755,0.199885426002114,-15.9095802556106,5.43768292932054e-57,2.19016274185708e-53,"PER1"
"ENSG00000179242",58.3879905196569,-1.383154939319,0.493462104110174,-2.80296081056345,0.00506358217981548,0.0328155158885789,"CDH4"
"ENSG00000179294",38.6688883523927,-1.0239609286876,0.276474710160179,-3.70363324766433,0.000212533464206255,0.00250118819709786,NA
"ENSG00000179300",68.2906364874011,-3.01304882166022,0.678160586202751,-4.44297248020752,8.87245177997471e-06,0.000162068107287044,"RTL3"
"ENSG00000179388",47.8747227086603,1.86011866926308,0.432475188678775,4.3010991565685,1.69952984060045e-05,0.000286413444162279,"EGR3"
"ENSG00000179593",67.2669027445166,-9.60571211695712,1.09521906142479,-8.7705852238007,1.77740045101362e-18,3.40901174598577e-16,"ALOX15B"
"ENSG00000179820",3788.95813032277,-1.48444588006068,0.195972781853199,-7.57475536155152,3.59804998438242e-14,4.05371911177519e-12,"MYADM"
"ENSG00000179862",55.2497536622771,-1.45473517881105,0.355197951297823,-4.09556185078134,4.21145768475467e-05,0.000625929840950945,"CITED4"
"ENSG00000180139",22.2656078262654,-1.53959486120215,0.507183322429333,-3.03557864211251,0.00240074606491302,0.018544179911492,"ACTA2-AS1"
"ENSG00000180672",133.429085870772,-1.29055718581667,0.315066828228071,-4.0961379307201,4.20099691212233e-05,0.000624951627434929,NA
"ENSG00000181061",2424.12333639201,-1.20625462112861,0.124645196094406,-9.67750590415852,3.75770984928696e-22,1.1422728939974e-19,"HIGD1A"
"ENSG00000181467",632.360918640644,1.27629891568545,0.113624726373972,11.2325807631411,2.82115947173812e-29,1.89382084371553e-26,"RAP2B"
"ENSG00000181634",26.9145392229251,2.61150477541157,0.530865633264543,4.91933290040306,8.68396668897113e-07,2.0544403425259e-05,"TNFSF15"
"ENSG00000182010",118.646799853614,1.90641190887573,0.258718864005826,7.36866218163667,1.72348775308338e-13,1.79142652838235e-11,"RTKN2"
"ENSG00000182379",20.2291477661501,1.22334085323067,0.395809157943642,3.09073407898474,0.00199662358999412,0.0159403382846359,"NXPH4"
"ENSG00000182552",979.758928640972,-1.12139456694455,0.168619955819296,-6.65042616987936,2.92245570333328e-11,2.02946913087942e-09,"RWDD4"
"ENSG00000182575",283.38042591123,-1.2596434408881,0.433656176558484,-2.90470540713773,0.00367598909882683,0.0257943642731704,"NXPH3"
"ENSG00000182580",427.128362287707,1.45657931800776,0.305313731520467,4.77076255546704,1.83529785963715e-06,4.02292296824683e-05,"EPHB3"
"ENSG00000182836",24.8565347241962,-3.28501306125516,0.854152766408775,-3.84593153642382,0.000120095295531124,0.0015295298864047,"PLCXD3"
"ENSG00000183044",499.34845843482,-1.15392128859997,0.0914179712812549,-12.6224775328894,1.58747144760165e-36,1.59848453076938e-33,"ABAT"
"ENSG00000183160",2994.77090979276,1.17306367386104,0.10766331973536,10.895666943435,1.20877667834529e-27,6.08581283275657e-25,"TMEM119"
"ENSG00000183496",171.911566376607,1.63971657139447,0.39717364652353,4.12846266550398,3.65196720783644e-05,0.00054987704378928,"MEX3B"
"ENSG00000183508",90.279921674151,2.47356712108332,0.341785251251144,7.2371967837364,4.58053313363603e-13,4.44560056120543e-11,"TENT5C"
"ENSG00000183801",1372.38262076824,1.01145476645673,0.250854934500815,4.0320305776303,5.52969901935961e-05,0.000786310511040624,"OLFML1"
"ENSG00000183876",194.169032389793,1.64324485838522,0.435883351087697,3.7699188424717,0.000163300641142205,0.00199615829244466,"ARSI"
"ENSG00000184307",101.32017497209,-1.7060452213302,0.367212386582374,-4.64593593154162,3.38538066182196e-06,6.99254715930943e-05,"ZDHHC23"
"ENSG00000184564",43.3212723108137,2.98188002748932,0.713480240818842,4.17934493051566,2.92349984819722e-05,0.000453325371071274,"SLITRK6"
"ENSG00000184916",29.0254964015456,1.15954288839163,0.425671713561803,2.72403087038405,0.00644904782160564,0.0398391907415217,"JAG2"
"ENSG00000185022",649.083193632916,-1.29329883572586,0.185654266094893,-6.96616815185286,3.25689843311636e-12,2.67713727836416e-10,"MAFF"
"ENSG00000185112",706.814122529243,-1.22727573555197,0.307490689952384,-3.99126144515797,6.57227774806788e-05,0.000908109915119659,"FAM43A"
"ENSG00000185338",222.733544214123,1.17606382155759,0.309388377134076,3.80125404985054,0.00014396559796141,0.00178555022998943,"SOCS1"
"ENSG00000185432",3889.59947599982,-2.32184978825302,0.26038090097472,-8.91712786752529,4.78537045111262e-19,9.51816090591054e-17,"TMT1A"
"ENSG00000185745",238.343907541223,1.63398631568938,0.360804014414952,4.52873651735528,5.9337435979541e-06,0.000113268416003126,"IFIT1"
"ENSG00000185813",468.888055196636,-1.1180469802284,0.152648403061725,-7.32432804931674,2.40098699056922e-13,2.38779638302844e-11,"PCYT2"
"ENSG00000185950",1976.83272917511,-2.15884421005175,0.2110693017507,-10.2281297760753,1.48356684764775e-24,5.55854546103555e-22,"IRS2"
"ENSG00000185972",13.4832908102761,1.39790653531391,0.476871416381058,2.93141188021401,0.00337425079709709,0.024054227695589,"CCIN"
"ENSG00000186198",52.7424831612736,1.58969406217935,0.452115763608818,3.51612173282856,0.000437900155845196,0.00460810542836182,"SLC51B"
"ENSG00000186314",38.6222010299109,-1.17136539972651,0.379088162199734,-3.0899550989127,0.00200186756336776,0.0159663803531772,"PRELID2"
"ENSG00000186469",278.330392581181,1.06007190999355,0.339230118291068,3.12493452920351,0.00177844637798427,0.0144856165802348,"GNG2"
"ENSG00000186575",2628.0033661412,-1.03764280434813,0.249001827932444,-4.16720958622701,3.08350972031434e-05,0.000474483525348466,"NF2"
"ENSG00000187193",37.4120460290083,-3.16913238179486,0.385048550955254,-8.23047476463074,1.86472887169661e-16,2.65864131432779e-14,"MT1X"
"ENSG00000187288",22.4583989551185,-3.78338824362208,0.652635610765267,-5.79709133429873,6.74749477785274e-09,2.71094484703206e-07,"CIDEC"
"ENSG00000187479",42.9388855773623,-1.09159097617192,0.350702269232369,-3.11258600795836,0.00185455966759162,0.014976847521087,"C11orf96"
"ENSG00000187498",2286.31616835608,-1.3390844813002,0.24757343791116,-5.40883744475334,6.34351731279511e-08,2.03586468976976e-06,"COL4A1"
"ENSG00000188176",56.3113311424152,3.06456235215926,0.707584980380462,4.33101667945449,1.48422437031471e-05,0.000253846484396395,"SMTNL2"
"ENSG00000188312",77.1480163347886,1.32392115880243,0.263046966872496,5.03302195247956,4.82807813827614e-07,1.21729525642828e-05,"CENPP"
"ENSG00000188596",27.9627595174987,1.08399853285083,0.382875396043202,2.8312044703142,0.00463730655734367,0.0307325518062892,"CFAP54"
"ENSG00000188916",53.1861519353029,-2.48855078842477,0.62574155689417,-3.97696263098864,6.98011290059251e-05,0.000954640058925686,"INSYN2A"
"ENSG00000189007",170.168508392849,1.0901570778544,0.209708201930825,5.19844749903488,2.00959865465324e-07,5.47828154401326e-06,"ADAT2"
"ENSG00000189221",2343.57334924977,-3.30158396073027,0.227693245067714,-14.5001401326087,1.20902819206721e-47,2.78266474319926e-44,"MAOA"
"ENSG00000196155",243.026971326049,1.37220644989439,0.227681833120595,6.02685963604122,1.67176069030327e-09,7.586968022951e-08,"PLEKHG4"
"ENSG00000196196",27.9926255748988,-1.37014585888268,0.474466018595064,-2.88776393921699,0.0038799093468451,0.0267247624997954,"HRCT1"
"ENSG00000196230",7925.97775154974,1.16356242263898,0.254944156624229,4.56398937730507,5.0190619431721e-06,9.82528638717446e-05,"TUBB"
"ENSG00000196476",125.028995421193,1.06200308484003,0.18205311045325,5.83347948406928,5.42832845021394e-09,2.20291686804526e-07,"C20orf96"
"ENSG00000196507",990.221400252362,-1.05086276098226,0.172747461367497,-6.08323128261022,1.17784248490742e-09,5.61426635335603e-08,"TCEAL3"
"ENSG00000196511",51.4858867654652,1.05563054469158,0.283925681776277,3.71798189613359,0.000200820657804404,0.00238952852133438,"TPK1"
"ENSG00000196517",230.282462332708,2.22086990735647,0.164305893093721,13.5166783463431,1.24679450075578e-41,1.67392551680636e-38,"SLC6A9"
"ENSG00000196569",17195.8341763239,-2.06624104404995,0.297244266595347,-6.95132346106048,3.61875063351159e-12,2.94452987154067e-10,"LAMA2"
"ENSG00000196616",46395.3898189132,-1.18990969996551,0.192332864312956,-6.18672063256613,6.14286874105009e-10,3.22370548166313e-08,"ADH1B"
"ENSG00000196850",521.601673435537,-1.17563801412546,0.184415395294983,-6.37494506488983,1.83028546035554e-10,1.05690785131857e-08,"PPTC7"
"ENSG00000196932",69.015915227628,2.07914190725585,0.300078479294931,6.92866050288256,4.24843978640708e-12,3.40530414919425e-10,"TMEM26"
"ENSG00000196950",810.8416961841,1.22644008494911,0.236083109911156,5.1949505638529,2.04774248637017e-07,5.57283432397124e-06,"SLC39A10"
"ENSG00000196975",4915.09684299362,-1.1892936535841,0.1276390639228,-9.31763064561034,1.18967199066905e-20,2.94873929871831e-18,"ANXA4"
"ENSG00000197210",18.1328424696447,-1.89472593669204,0.665023212598877,-2.84911248328843,0.00438413774053126,0.0294671852889859,NA
"ENSG00000197301",209.602122768059,-2.3090502733726,0.329757320141301,-7.00227146552249,2.51845489412657e-12,2.14681623276577e-10,"HMGA2-AS1"
"ENSG00000197312",477.140292312057,-1.05782182681952,0.198632614362082,-5.32551932731072,1.00665011304323e-07,2.99780775808494e-06,"DDI2"
"ENSG00000197381",1970.97960837363,-2.31882549009794,0.592090288818225,-3.9163376496618,8.9904310307639e-05,0.00119620884380792,"ADARB1"
"ENSG00000197594",666.005801247294,-1.33996236582221,0.42003630466927,-3.19011083310352,0.00142218240464521,0.0120881727153078,"ENPP1"
"ENSG00000197943",21.5612519849669,-1.64856045774533,0.545106321305759,-3.02429158002853,0.00249216120238099,0.019065151534454,"PLCG2"
"ENSG00000198108",41.0416965720712,-1.43097994346657,0.397265445512586,-3.60207503479241,0.000315687207915277,0.00349796190283565,"CHSY3"
"ENSG00000198203",9.85623845061661,1.49441209717726,0.518775320748005,2.88065379637281,0.00396851283974818,0.0271493462255553,"SULT1C2"
"ENSG00000198431",22764.0691648872,-1.54292322878564,0.199547371153861,-7.73211503546175,1.05774294198456e-14,1.24177783773729e-12,"TXNRD1"
"ENSG00000198542",3512.32928024253,-1.01598306921727,0.376639590851523,-2.69749408690759,0.00698635255040197,0.0423147089998218,"ITGBL1"
"ENSG00000198624",2059.02790703009,-2.89046940358188,0.252155907962088,-11.4630247093654,2.02323237285252e-30,1.55220460757271e-27,"CCDC69"
"ENSG00000198691",38.7059649602475,-1.20411588069533,0.397116707628589,-3.03214611111629,0.00242821636386169,0.0187002838614607,"ABCA4"
"ENSG00000198932",192.767384220791,1.00164489414526,0.237633962624928,4.2150746597035,2.49695571848775e-05,0.000398301520599566,"GPRASP1"
"ENSG00000198944",13.8930346744654,1.55725894173218,0.528214518500898,2.94815626452632,0.00319675428755092,0.0230232044375203,"SOWAHA"
"ENSG00000198947",1288.00879390849,-1.00331597429375,0.372711091053752,-2.69194021422091,0.00710376784526214,0.042838042182128,"DMD"
"ENSG00000203722",56.730253251641,1.05937523982893,0.244432492520748,4.3340197078709,1.46411059152342e-05,0.00025147426162083,"RAET1G"
"ENSG00000203727",323.590007425424,1.06914212441754,0.254902031520354,4.19432563185422,2.73684584894563e-05,0.00043017876558403,"SAMD5"
"ENSG00000203943",10.8404514289065,1.4278572998041,0.520617608074231,2.74262198907516,0.00609508056777237,0.0380759375833194,"SAMD13"
"ENSG00000205208",589.612956400974,1.39066851480187,0.195660314083202,7.10756558537726,1.18107617264683e-12,1.05712878986183e-10,"C4orf46"
"ENSG00000205213",388.838367318904,1.12182206743181,0.210418782106068,5.33137800819664,9.7470288733492e-08,2.91343937251445e-06,"LGR4"
"ENSG00000205364",52.3184719387971,-2.50196640493473,0.439757169376447,-5.68942720929915,1.2746620991092e-08,4.65736979459368e-07,"MT1M"
"ENSG00000205978",1604.75287011823,1.16503176814187,0.170825532784907,6.82000956852749,9.10344469996449e-12,6.88570880568676e-10,"NYNRIN"
"ENSG00000206052",193.7785672253,1.1328706081191,0.211130572461276,5.3657345542739,8.06204353750101e-08,2.49952408349048e-06,"DOK6"
"ENSG00000206172",11.1658253839315,2.56598758182648,0.656917398198817,3.90610385546508,9.37962117064736e-05,0.00123763371564537,"HBA1"
"ENSG00000206190",291.324330963381,-1.28268369130189,0.321840811508546,-3.98546003314383,6.73495133564958e-05,0.000925825946831488,"ATP10A"
"ENSG00000206538",12772.7450199588,-1.33916939249398,0.228420092015448,-5.86274780242802,4.55269441755971e-09,1.90021916480063e-07,"VGLL3"
"ENSG00000206561",35.7487840932165,1.07399426579006,0.286832327308281,3.74432783036955,0.000180877357785732,0.00217147176697908,"COLQ"
"ENSG00000211445",12298.1966308959,-3.73858704464288,0.382689659457965,-9.76923978018676,1.52592739584934e-22,4.72773389894782e-20,"GPX3"
"ENSG00000211448",663.606948516402,-1.54698894021196,0.343812985273853,-4.49950701826972,6.81112312689817e-06,0.000128494150699598,"DIO2"
"ENSG00000211574",10.9671281322175,1.65914477707546,0.576439327082131,2.87826437081221,0.00399869878236219,0.0272978966451853,"MIR770"
"ENSG00000213160",204.072985093228,-1.63028830019828,0.333410239668814,-4.88973674539119,1.00970920269173e-06,2.34400936088854e-05,"KLHL23"
"ENSG00000213402",14.3706026211872,-1.59134181886985,0.545229039814102,-2.91866665688318,0.00351531911054027,0.0249055875945094,"PTPRCAP"
"ENSG00000213420",15.9080768179817,1.50812461788156,0.484087915566402,3.11539406249584,0.00183699320197025,0.014857328050674,"GPC2"
"ENSG00000213493",18.8411618270663,-1.06937642747457,0.378385637842653,-2.82615490791766,0.00471104752817708,0.0311191827496765,"ACTN4P1"
"ENSG00000213626",4681.98278468293,-1.39063191795632,0.385834221874644,-3.60422129276064,0.000313090216240394,0.00347635870010268,"LBH"
"ENSG00000213639",3981.34780297822,-1.06754304254752,0.192932525044487,-5.5332455857371,3.14358831946971e-08,1.08683157542868e-06,"PPP1CB"
"ENSG00000213763",32.5910695596712,-1.32303536439651,0.34566676151258,-3.82748794997565,0.000129457719677652,0.0016301463047949,NA
"ENSG00000214212",14.55993633433,1.42292815302946,0.474232143640179,3.00048862590195,0.00269546820440818,0.0202078586511029,"C19orf38"
"ENSG00000214274",62.1224233980528,-1.11693476325862,0.219406028537321,-5.09072048158708,3.56705531332175e-07,9.29916313154155e-06,"ANG"
"ENSG00000214814",244.044249964066,3.16446315967758,0.48339235083056,6.5463658128649,5.89540712090631e-11,3.82987516632748e-09,"FER1L6"
"ENSG00000214944",629.301074107951,-1.08175878289608,0.18986562652009,-5.6974967124005,1.21579325529292e-08,4.49759951938884e-07,"ARHGEF28"
"ENSG00000215386",101.708409544667,1.37911184726232,0.229953636427697,5.99734741614296,2.00566670239604e-09,8.95105159066555e-08,"MIR99AHG"
"ENSG00000220563",8.93114291575164,1.51721033324689,0.567499220502956,2.67350205679972,0.00750638158888712,0.0448573122324037,"PKMP3"
"ENSG00000221869",1965.63590516122,-1.49535342865238,0.157872381093736,-9.47191280889414,2.74765330615851e-21,7.50295634161351e-19,"CEBPD"
"ENSG00000221968",1865.45466647299,-1.00200043881959,0.175819701101942,-5.69902253581141,1.20496298218785e-08,4.47307801982222e-07,"FADS3"
"ENSG00000221994",23.4412716035035,1.00631734855114,0.347031240098939,2.89978893042666,0.00373414016690629,0.0260210779537315,"ZNF630"
"ENSG00000223401",40.3205521961342,-1.19535990148055,0.305805183934873,-3.90889351874141,9.27198178232315e-05,0.00122745191861141,NA
"ENSG00000223764",25.9640372893507,1.77773169388469,0.45952080155525,3.86866424298518,0.000109433211044218,0.00141385602496663,"LINC02593"
"ENSG00000223820",12.5019283230559,1.30389604944437,0.478119532921963,2.72713403168404,0.00638870825668984,0.0395270655620315,NA
"ENSG00000223949",17.3991732567754,1.83386572985869,0.470050026805649,3.90142671051679,9.56274146241038e-05,0.00125460364577275,"ROR1-AS1"
"ENSG00000224080",9.11915358826586,-2.31146749948975,0.62483225996428,-3.69934084328791,0.000216160143881104,0.00253461141053018,NA
"ENSG00000224124",46.337800908088,-1.53766275165782,0.566871697238656,-2.71254105496549,0.00667695098339995,0.0409331648757826,NA
"ENSG00000224468",32.1681959254189,-1.1003591076676,0.291193072900066,-3.77879561731616,0.000157588696903259,0.00192927452063257,"LAMC1-AS1"
"ENSG00000225032",39.0457024444898,-1.02762194268178,0.364420214437421,-2.81988183412984,0.00480413368334039,0.0315400968917266,"LOC102723566"
"ENSG00000225313",30.1895318180737,-1.14258230448877,0.319468162705071,-3.57651383729146,0.000348206893043916,0.00379821344199765,NA
"ENSG00000225415",567.438328006241,1.44790529967369,0.323267910908959,4.47896388974239,7.50062195332367e-06,0.000140514558476741,NA
"ENSG00000225783",69.9388416688261,1.8667801718251,0.571910760516304,3.26411094300766,0.00109808158293438,0.0098558174833737,"MIAT"
"ENSG00000226121",507.536256871247,-1.29611472517325,0.235498589521493,-5.50370483240183,3.71891989545065e-08,1.2720916865309e-06,NA
"ENSG00000226950",221.126285865625,-1.13760996328054,0.178651430556658,-6.36776296577013,1.91805024874181e-10,1.09970489528396e-08,"DANCR"
"ENSG00000227051",4626.82376170284,1.14931372434153,0.121939095697406,9.42530955940146,4.28838717414187e-21,1.15150342937666e-18,"C14orf132"
"ENSG00000227268",22.4670990363202,1.55829626260425,0.38859235984537,4.01010525071655,6.06916880815655e-05,0.000851745458782318,"KLLN"
"ENSG00000229116",12.6370646979923,1.4623417750814,0.483386790106527,3.02520011926501,0.00248468665717617,0.0190170008236415,NA
"ENSG00000229474",19.1354139522463,1.14158250887374,0.387740466430268,2.94419233407263,0.00323798706566257,0.0232267184393988,"PATL2"
"ENSG00000229644",748.094186828131,-1.07322588993754,0.175320967643552,-6.12149193768728,9.2703210315129e-10,4.56347177193842e-08,"NAMPTP1"
"ENSG00000230018",41.5740519536196,-2.40995773150035,0.507144666095028,-4.75201237953821,2.01402038336148e-06,4.39673203202395e-05,"PPIAP39"
"ENSG00000230417",33.5258219039983,1.57538862555936,0.343584193918791,4.58516035790551,4.53638136588591e-06,9.01529783591595e-05,"LINC00595"
"ENSG00000231574",40.9204010945295,-1.13716258824841,0.413356186040696,-2.7510477081295,0.0059404990988432,0.0372982778571562,"LINC02015"
"ENSG00000233117",77.6903384324045,-3.47027375816845,0.440200701061615,-7.88338989419901,3.18616922362727e-15,3.97925367146193e-13,NA
"ENSG00000235109",71.5854594808433,1.74574780208503,0.359132883763594,4.86100794722603,1.16789564493964e-06,2.68033714182656e-05,"ZSCAN31"
"ENSG00000235513",28.1987336582881,2.12713028968836,0.397441833346638,5.35205434157992,8.69612734007645e-08,2.64845571977262e-06,NA
"ENSG00000235649",137.12268373326,1.16004584210873,0.34120903508064,3.39980986093928,0.000674327268838228,0.00655252510751067,"MXRA5Y"
"ENSG00000235927",33.2352194862633,-1.15672426052622,0.303954624651182,-3.80558203993007,0.000141471110520711,0.00175890388703992,"NEXN-AS1"
"ENSG00000237697",126.977061242397,-2.02449266237785,0.395395107816531,-5.12017630556331,3.05250143881934e-07,8.07534493937905e-06,NA
"ENSG00000237886",15.7190649004013,1.40133776418743,0.497588694641959,2.81625724072322,0.00485867463824389,0.031789019776503,NA
"ENSG00000240291",21.4910780565293,-1.13801540174364,0.35795134154538,-3.17924608643872,0.00147658673439602,0.0124551250669394,NA
"ENSG00000240445",669.704895871162,-1.03146380488057,0.184582555508661,-5.58808930799622,2.29581574849488e-08,8.16509658366468e-07,"FOXO3B"
"ENSG00000240498",22.3040830238714,1.15595388807925,0.361772472785435,3.19525109022002,0.00139709235631227,0.0119282220204277,"CDKN2B-AS1"
"ENSG00000240764",29.3367894153928,1.30222261825364,0.409949669939435,3.17654266789879,0.00149041863356956,0.012552082909273,"PCDHGC5"
"ENSG00000240809",30.402316846237,-1.05207749235911,0.331943962989105,-3.16944306769525,0.00152731376393641,0.0128092410467358,"CAP1P1"
"ENSG00000240859",51.4543750464871,-1.2248458938734,0.264084433635062,-4.63808440737559,3.51653180887967e-06,7.21717757616055e-05,"LINC03014"
"ENSG00000241399",677.76449200768,-1.69738228919317,0.349664324370537,-4.85431933111502,1.2080094405253e-06,2.76060143209973e-05,"CD302"
"ENSG00000241990",12.5827571215476,-1.33627410749401,0.488186104803892,-2.73722274014908,0.00619603249186297,0.038595111138638,NA
"ENSG00000242539",168.781460952875,-1.02636329625792,0.177190720138957,-5.79242127044252,6.93788514590574e-09,2.75990784162191e-07,NA
"ENSG00000243244",997.437432905107,-1.43374916598835,0.229207306724347,-6.2552507006796,3.96877847611059e-10,2.14567080632945e-08,"STON1"
"ENSG00000243742",21.2753733917762,2.18917477059777,0.40513929390919,5.4035113441464,6.53488207176298e-08,2.08070128573465e-06,NA
"ENSG00000244490",75.3230949250989,-1.15258201088111,0.282239359498758,-4.08370403379611,4.43234766440522e-05,0.000652738146446366,NA
"ENSG00000245812",181.516168940592,-1.62299350573265,0.356004122101554,-4.55891773429994,5.14179061408624e-06,0.000100411380101265,"LINC02202"
"ENSG00000246430",2164.70217107941,-2.05935799620695,0.236148102963482,-8.72062053585675,2.76681229716724e-18,5.12369114019097e-16,"LINC00968"
"ENSG00000246763",155.863373122863,1.48171665318253,0.313542074903177,4.72573466779566,2.29284875525325e-06,4.93167889643846e-05,"RGMB-AS1"
"ENSG00000247311",17.5803040687895,-2.61852516278461,0.483392081694364,-5.41697984295951,6.06141711222566e-08,1.96095363644714e-06,NA
"ENSG00000248144",821.538466884378,-1.14893409532489,0.225972618116901,-5.08439520194664,3.68799326625018e-07,9.59891106826441e-06,"ADH1C"
"ENSG00000250899",54.4907981630403,-1.00134570187713,0.270194659627664,-3.70601588964419,0.000210545095927793,0.00248398153290273,NA
"ENSG00000250978",56.3490382595376,-6.29573743979377,0.674046629311305,-9.3402105522378,9.61427352723244e-21,2.45865969519432e-18,NA
"ENSG00000253276",739.290555201506,-1.21323086937482,0.267042563254455,-4.5432115936469,5.54035887483896e-06,0.000107105651329309,"CCDC71L"
"ENSG00000253368",1041.3062377714,-1.96303510814316,0.242839415719492,-8.08367580002209,6.28432567032286e-16,8.29891564545669e-14,"TRNP1"
"ENSG00000253540",48.902619958664,1.18570772315413,0.39032310948745,3.03775947243077,0.00238344112927057,0.0184347671789142,NA
"ENSG00000253833",85.076828575031,-1.16207636728242,0.26841008819466,-4.32948096362028,1.49461188986528e-05,0.000255081484720545,"DSTNP3"
"ENSG00000254109",48.3516036095208,-1.01018849716971,0.312044593710782,-3.23732093915397,0.00120657633039004,0.0106364987005602,"RBPMS-AS1"
"ENSG00000254254",68.9759705358564,-1.47275514509905,0.360125022899194,-4.08956626574461,4.32180588098889e-05,0.000639034674010913,"PENK-AS1"
"ENSG00000254726",48.008646245847,2.01856218879633,0.397784135758329,5.07451657152736,3.88482376925311e-07,1.00141433194299e-05,"MEX3A"
"ENSG00000254842",11.46474695578,-2.84154331695476,0.78816800308591,-3.60525079149278,0.000311851623924959,0.00346499414693449,NA
"ENSG00000254851",471.357766803385,-1.16119320006349,0.314532058091975,-3.69181191611298,0.000222662105962142,0.00260327227079541,NA
"ENSG00000256340",38.0859971014148,1.24511651375472,0.282178388479244,4.41251550292379,1.02176475677261e-05,0.000183110700738193,NA
"ENSG00000256616",44.0128080294891,1.07067441198955,0.343834344415099,3.11392514849234,0.00184616318865474,0.014916517117561,"ADGRA3P1"
"ENSG00000258016",41.5801735573864,-1.45122618035078,0.361944425794306,-4.00952764272026,6.08403308052954e-05,0.000853088398262936,NA
"ENSG00000259319",12.0884646973875,1.45985970561571,0.523522308614295,2.78853390121959,0.00529472055673526,0.0340124572924887,NA
"ENSG00000259426",29.0592735449272,-1.6400258691343,0.451158316687137,-3.63514493355022,0.000277824400375856,0.00313228055595201,"KIF23-AS1"
"ENSG00000259448",9.63059568379419,-1.92199215129369,0.575709027459507,-3.33847839728182,0.000842385801800845,0.0078494376245306,NA
"ENSG00000259583",70.0223117341233,1.10247117818396,0.308454591425935,3.57417658491453,0.0003513317732882,0.00382453121584202,"ALDH1A3-AS1"
"ENSG00000259673",141.866855427416,-1.00135602789024,0.362978263277635,-2.75872174506581,0.0058027921357269,0.0366191868776718,"IQCH-AS1"
"ENSG00000259886",15.986168761542,-1.58093503626052,0.506218401928751,-3.12302956636301,0.00178999765315677,0.0145649758535397,NA
"ENSG00000260230",44.5464511266789,1.07767681352699,0.295986230306707,3.64096942080813,0.000271613398718789,0.00308547206703043,"FRRS1L"
"ENSG00000260396",17.3002121220798,-1.54668172791693,0.56744138891702,-2.7257118675619,0.00641629825037983,0.0396825263385295,NA
"ENSG00000260455",11.7198006295513,2.19538791763606,0.823939751282844,2.66450054657264,0.00771027410887648,0.0458546423654887,NA
"ENSG00000260807",9.31787041877837,1.79229801910306,0.65375472011549,2.7415450534513,0.00611509738627662,0.0381565972077082,"CEROX1"
"ENSG00000260841",69.4376509511343,-1.21537973206533,0.303929069833978,-3.9988926782464,6.36395272060752e-05,0.000884669792757682,NA
"ENSG00000261425",22.8619491124377,1.95917742178008,0.573385848345684,3.4168569514449,0.00063348556493022,0.00621128850586289,NA
"ENSG00000261468",33.2174432173556,-2.44156101120159,0.42128235660716,-5.79554536977278,6.80995141532966e-09,2.72923202120339e-07,NA
"ENSG00000261490",64.3399565914956,-1.43543404634026,0.247907757982488,-5.7901941351979,7.03051160820636e-09,2.78301160982341e-07,NA
"ENSG00000261589",78.5499113815573,-1.31927360379287,0.37291693805108,-3.5377143518543,0.000403606436016943,0.00431200483466112,NA
"ENSG00000261597",185.26288994688,1.03748530100987,0.17490604460566,5.93167207770874,2.9986506490539e-09,1.29838241229126e-07,NA
"ENSG00000261685",48.5100493776054,-2.32622161424059,0.442706729267743,-5.25454315566484,1.48392348847079e-07,4.23891690119733e-06,NA
"ENSG00000261827",11.5744381912743,1.88291441963956,0.543250535125628,3.46601484562574,0.000528234111859611,0.00539238194574686,NA
"ENSG00000267339",26.3212299582592,4.52472718951523,0.836160129473745,5.41131660076039,6.25630477373103e-08,2.01590652419161e-06,"LINC00906"
"ENSG00000267480",24.2909038055829,-2.38694237514064,0.519866417824772,-4.59145329126683,4.40170160087675e-06,8.79848815033813e-05,NA
"ENSG00000267528",18.387961407367,2.11042352897917,0.653491141138444,3.22946004333374,0.00124024210756746,0.0108693885038247,NA
"ENSG00000267669",85.781578035543,-1.48321608818574,0.286412077138697,-5.17860874793865,2.23546748549895e-07,6.04288870115328e-06,"RPLP0P12"
"ENSG00000267683",6.13652703824911,2.50105459532297,0.737462290215823,3.39143387872894,0.000695279373791357,0.00672771531000153,NA
"ENSG00000268913",72.9333932819169,-2.59039093390727,0.412866607955142,-6.27415945972728,3.51528101685057e-10,1.9133342048135e-08,NA
"ENSG00000269289",8.29256122870326,-3.20369476182649,0.819252718076942,-3.91050855387654,9.21019983049535e-05,0.00122128007793507,"LOC100505851"
"ENSG00000269728",302.234316486061,-1.12347817703957,0.240225529753325,-4.67676428143675,2.91436932385506e-06,6.11372450216521e-05,NA
"ENSG00000269959",11.0199661314154,1.66534029577351,0.584825924713625,2.84758288817136,0.0044052620697838,0.0295786054407761,"SPACA6-AS1"
"ENSG00000270093",11.0808971885557,2.03572868079521,0.617021723375506,3.29928202472104,0.000969324740982162,0.0088580776528438,NA
"ENSG00000270605",13.9453742761202,1.59506030354668,0.533465825378823,2.98999528679087,0.00278981751787474,0.0207127880324792,NA
"ENSG00000271930",24.9374400522056,1.01861672862603,0.341519106089568,2.982605395901,0.00285806223655066,0.0210931015543141,NA
"ENSG00000272168",89.3278583349509,1.62076255207696,0.462396301810518,3.50513735886478,0.000456371760468587,0.00477441911227883,NA
"ENSG00000272341",64.7421301261839,1.4885459901787,0.373003842162377,3.99069881304521,6.58788980987769e-05,0.000908685246480729,NA
"ENSG00000272349",13.4416386579068,-1.32884776856007,0.459103912983438,-2.89443790606073,0.00379838027040027,0.0263207331339435,NA
"ENSG00000272356",22.9500504595849,-1.10478004021141,0.403446733766469,-2.73835415619179,0.00617475411337552,0.038484125153034,NA
"ENSG00000272744",10.1641699433164,-1.65405222254199,0.585327798516026,-2.82585625821205,0.00471544190719808,0.0311354444946181,NA
"ENSG00000272796",17.6817871941944,1.6685726374247,0.506532216786453,3.29410959881383,0.000987339927459611,0.00900228272286463,NA
"ENSG00000272841",115.136426911922,2.05691537004111,0.536198192986691,3.83611022369142,0.000124998325103643,0.00158072842680125,"MAP3K4-AS1"
"ENSG00000272870",130.827912260602,-1.04979055355921,0.197556357814857,-5.31387886054791,1.07315974217645e-07,3.16660743703385e-06,"SAP30-DT"
"ENSG00000273179",168.265002958153,1.41166768862901,0.470976980421159,2.99731780386945,0.00272366611546896,0.0203515120398957,NA
